sample_id,gold_german_source,gold_english_reference,audio_path,whisper_hypothesis,asr_inference_time_ms,asr_wer,asr_cer,clean_fp32_translation,clean_int8_translation,asr_fp32_translation,asr_int8_translation
0027,"Wirklich?
Ne, ich finde das ganz schrecklich.","Really?
No, I think that's totally awful.",D:\BridgeDEUX\analysis\mobile_benchmark_audio_100\mslt\MSLT_Test_DE_0027.T0.de.wav,"Wirklich? Nee, ich finde das ganz schrecklich.",1189.922800000204,0.25819344524380494,0.13827655310621242,"No, I think it's awful.","No, I think it's terrible.","No, I think it's terrible.","No, I think it's terrible."
0107,"Ja, aber ich absagen.
Ich esse, glaub ich, nicht soviel Fleisch.
Ich war sogar ein Jahr Vegetarier.","Yes, but I cancel.
I don't think I eat a lot of meat.
I have even been a vegetarian for a year.",D:\BridgeDEUX\analysis\mobile_benchmark_audio_100\mslt\MSLT_Test_DE_0107.T0.de.wav,"Ja, aber ich muss sagen, ich esse glaube ich nicht so viel Fleisch, ich war sogar ein Jahr vegetarier.",1231.3035999995918,0.25819344524380494,0.13827655310621242,"I don't think I eat that much meat, I've even been a year vegetarian.",I don't think I eat that much meat. I was even a year vegetarian.,"Yeah, but I have to say, I don't think I eat that much meat, I was even a year vegetarian.","Yeah, but I have to say, I don't think I eat that much meat, I was even a year vegetarian."
0113,Chinesisches Essen.,Chinese food.,D:\BridgeDEUX\analysis\mobile_benchmark_audio_100\mslt\MSLT_Test_DE_0113.T0.de.wav,Kinesisches Essen.,1089.9595999999292,0.25819344524380494,0.13827655310621242,Chinese food.,Chinese food.,Kinese food.,Kinese food.
0128,"Ess ich vielleicht hin und wieder nur etwas Eiscreme.
Denn Eiscreme esse ich auch sehr gerne.
Vielleicht nur am Wochenende.
Am Freitag oder am Samstag.","Every now and then I'll eat just a little bit of ice-cream.
Because I also really like to eat ice-cream.
Perhaps only on the weekend.
On Friday or Saturday.",D:\BridgeDEUX\analysis\mobile_benchmark_audio_100\mslt\MSLT_Test_DE_0128.T0.de.wav,"Es sich vielleicht hin und wieder nur etwas Eiscreme, denn Eiscreme es sich auch sehr gerne. Vielleicht nur am Wochenende, am Freitag oder am Samstag.",1318.2276999996247,0.25819344524380494,0.13827655310621242,"I might just eat some ice cream every now and then, because I like ice cream, too. Maybe only on the weekend. On Friday or Saturday.","I might just eat some ice cream every now and then, because I like ice cream, too. Maybe only on weekends. On Friday or Saturday.","It may be just a little ice cream, because ice cream likes it too. Maybe only on weekends, on Fridays or Saturdays.","It might be just a little ice cream now and then, because ice cream likes it too. Maybe only on weekends, on Fridays or Saturdays."
0137,"Auch wenn sie selber nicht probieren können und wenn sie selber gar nicht wissen, ob es überhaupt schmeckt.
Vielleicht schmeckt es noch nicht mal den Juroren auf der Show.
Aber das werden wir niemals wissen.","Even when they can't try it themselves and have no idea at all whether it tastes good.
Perhaps it's not even to the liking of the jury members in the show.
But we'll never know.",D:\BridgeDEUX\analysis\mobile_benchmark_audio_100\mslt\MSLT_Test_DE_0137.T0.de.wav,"Auch wenn sie selber nicht probieren können und wenn sie selber gar nicht wissen, ob es überhaupt schmeckt, vielleicht schmeckt es noch nicht mal den Juroren auf der Show. Aber das werden wir niemals wissen.",1428.5053000003245,0.25819344524380494,0.13827655310621242,Even if they can't try it themselves and if they don't even know if it tastes good at all. Maybe it doesn't even taste good for the jurors on the show. But we'll never know that.,Even if they can't try it themselves and if they don't even know if it tastes good. Maybe it doesn't even taste like the jurors on the show. But we'll never know that.,"Even if they can't try themselves and if they don't even know if it tastes good at all, maybe it doesn't even taste good for the jurors on the show. But we'll never know that.","Even if they can't try it themselves and if they don't even know if it tastes good, maybe it doesn't even taste like the jurors on the show. But we'll never know that."
0138,Ja.,Yes.,D:\BridgeDEUX\analysis\mobile_benchmark_audio_100\mslt\MSLT_Test_DE_0138.T0.de.wav,Ja.,1126.0440999994898,0.25819344524380494,0.13827655310621242,Yeah.,Yeah.,Yeah.,Yeah.
0186,"Rennmäuse heißen die, oder so ähnlich.
Und die sind halt in wie so einem Terrarium.
Und die rennen die ganze Zeit rum.
Die kann man auch nicht richtig rausnehmen.","They're called gerbils or something like that.
And they are just in a sort of terrarium.
And they run around the whole time.
You can't really take them out properly.",D:\BridgeDEUX\analysis\mobile_benchmark_audio_100\mslt\MSLT_Test_DE_0186.T0.de.wav,"Die Renten, die sind in Wiss und Trarium und die Renten, die ganze Zeit rum, die kann aber auch nicht richtig rausnehmen.",1317.1342000005097,0.25819344524380494,0.13827655310621242,"They're called racing mice, or something like that, and they're just like a terrarium, and they're running around all the time, and you can't really take them out.","They're called racing mice, or something like that, and they're just like a terrarium, and they're running around all the time, and you can't really take them out.","The pensions, they're in Wiss and Trarium and the pensions, all the time around, but they can't really take them out.","The pensions, they're in Wiss and Trarium and the pensions, all the time around, but they can't take them out properly either."
0196,"Ja, das ist natürlich schön.
Ja, unsere ist auch","Yeah, that's nice of course.
Yes, ours is also",D:\BridgeDEUX\analysis\mobile_benchmark_audio_100\mslt\MSLT_Test_DE_0196.T0.de.wav,"Ah, ja, das ist natürlich schön. Ja, unsere ist auch...",1226.3442999992549,0.25819344524380494,0.13827655310621242,"Yes, of course that's nice. Yes, ours is also","Yeah, that's nice, of course.","Oh, yeah, that's nice, of course.","Oh, yeah, that's nice, of course."
0201,"Also ja, auf unsere Betten dürfen sie tatsächlich.","So yes, they're really allowed on our beds.",D:\BridgeDEUX\analysis\mobile_benchmark_audio_100\mslt\MSLT_Test_DE_0201.T0.de.wav,"aufs Bett, auf unsere Betten dürfen sie tatsächlich.",1207.356400000208,0.25819344524380494,0.13827655310621242,"So, yes, they can actually go to our beds.","So, yes, they can actually go to our beds.","on the bed, on our beds they can actually.","On the bed, on our beds, they can actually."
0239,"Facebook, die können es eigentlich in Deutschland immer einmal am Tag, so würde ich sagen.","Facebook, in Germany they can always do it once a day, that's how I'd say it.",D:\BridgeDEUX\analysis\mobile_benchmark_audio_100\mslt\MSLT_Test_DE_0239.T0.de.wav,"Facebook, die können es eigentlich in Deutschland immer einmal am Tag so, würde ich sagen.",1231.4607000007527,0.25819344524380494,0.13827655310621242,"Facebook, they can actually do it in Germany once a day, so I would say.","Facebook, they can actually do it in Germany once a day, so I would say.","Facebook, they can actually do it in Germany once a day like that, I would say.","Facebook, they can actually do it in Germany once a day like that, I would say."
0271,"Und dann gibt's solche Gesetze in den USA, dass Apple auch nicht drüber sprechen darf und solche Geschichten.
Und","And then there are these laws in the USA that Apple is also not allowed to talk about that and such stories.
And",D:\BridgeDEUX\analysis\mobile_benchmark_audio_100\mslt\MSLT_Test_DE_0271.T0.de.wav,"Und dann gibt es solche Gesetz in den USA, das Apple auch nicht darüber sprechen darf an solche Geschichten.",1259.3512999992527,0.25819344524380494,0.13827655310621242,And then there's such laws in the US that Apple can't talk about it and stories like that.,And then there's such laws in the US that Apple can't talk about it and stories like that.,And then there's such a law in the US that Apple can't talk about it either.,And then there is such a law in the US that Apple is not allowed to talk about it in such stories.
0282,"Ne, die haben so eine, wie soll ich das sagen?
Wenn da irgendwas Neues kommt, dann kaufen die das auf.
Die haben ja so viel Geld, das ist ja alles kein Problem.
WhatsApp gehört ja auch zu Facebook.
Und das wird sich so etablieren.
Facebook wie Google, oder wie Microsoft.
Obwohl Microsoft vorher nur von der Software lebt, ne?
Ja, also die werden alles aufkaufen, tipp ich.
Ich meine WhatsApp wurde jetzt auch aufgekauft.","You know, they have like a, how can I say?
When something new appears, they buy it all up.
They have so much money, all of that's not a problem.
WhatsApp does belong to Facebook too.
And that is going to establish itself like that.
Facebook like Google, or like Microsoft.
Although Microsoft used to live just off of software, right?
Yes, I bet they'll buy up everything.
I think WhatsApp has been bought up now, too.",D:\BridgeDEUX\analysis\mobile_benchmark_audio_100\mslt\MSLT_Test_DE_0282.T0.de.wav,"Nee, die haben so eine, wie soll ich das sagen, wenn da irgendwas neues kommt, dann kaufen die das auf, der mir so viel Geld, das ist alles kein Problem. WhatsApp gehört ja auch zu Facebook und das wird sich so etablieren, Facebook wie Google oder wie Microsoft, obwohl ja Microsoft eigentlich auch noch von der Software lebten. Ja, also sie werden alles aufkaufen, tippe ich. Ich meine, WhatsApp wurde jetzt auch aufgekauft.",1871.6820999998163,0.25819344524380494,0.13827655310621242,"No, they have one like that, how am I supposed to say that? If something new comes up, they buy it up. They have so much money, that's not a problem. WhatsApp is also part of Facebook. And that's going to be so established. Facebook like Google, or like Microsoft. Although Microsoft only lives on the software before, no? Yes, so they will buy it all up, I guess. I mean WhatsApp was bought up now.","They have so much money, that's not a problem. WhatsApp is also a part of Facebook. And that's going to be so established. Facebook like Google, or like Microsoft. Although Microsoft only lives from the software before, no? Yes, so they're going to buy it all up, I guess. I mean WhatsApp has been bought up now too.","No, they have one like that, how can I say that, if something new comes up, then they buy that up, which is so much money to me, that's all no problem. WhatsApp is also part of Facebook and that will establish itself like Facebook like Google or like Microsoft, even though Microsoft actually still lived from the software. Yes, so they will buy everything, I tap. I mean, WhatsApp was bought now.","No, they have one like that, how can I say that, if something new comes up, then they buy it up, which is so much money to me, that's all no problem. WhatsApp is also part of Facebook and that will establish itself like Facebook like Google or like Microsoft, even though Microsoft actually also lived from the software. Yes, so they will buy everything up, I tap. I mean, WhatsApp was bought up now too."
0295,"Also wir sind ja eh schon so klein, deswegen macht es eigentlich glaube ich auch Sinn, dass man kommen sollte.
Muss ja.
Ach so.
Nein, Quatsch.
Der Sprachkurs, da musste man glaub ich nur sechzig Prozent der Zeit anwesend sein.
Nur
Genau und bei den anderen Kursen, also Inhaltkurse wie Geschichte, da durfte man dann
Da war das dann mal ein strenger
Also Samstag auf dem
Zweimal als","And we're already so small anyway, that's why it actually makes sense too, I think, that you should come.
Has to.
I see.
No, nonsense.
The language course, you only had to be present sixty percent of the time, I think.
Only
Right, and with the other classes, content classes that is, like history, there you could
So, that happened to be a harsh
So Saturday at the
Twice as",D:\BridgeDEUX\analysis\mobile_benchmark_audio_100\mslt\MSLT_Test_DE_0295.T0.de.wav,"Also wir sind ja eh schon so klein deswegen macht es eigentlich glaube ich auch, dass man, ja, dass man kommen sollte muss. Ja, oh, nein, nein, nein, nein, das Sprachkurs, da musste man, glaube ich, nur 60 Prozent der Zeit anwesend sein, nur genau und bei den anderen Kursen, also so Inhaltskurse wie Geschichte, da durfte man, da war, da war das dann strenger, also da durfte man zwei Mal.",1952.2780000006605,0.25819344524380494,0.13827655310621242,"So we are already so small, that's why I think it makes sense that you should come. Must. Oh so. No, nonsense. The language course, I think I only had to be present 60 percent of the time. Just exactly and with the other courses, so content courses like history, then you were allowed to there was then a strict So Saturday on the Twice as","So we are already so small, that's why I think it makes sense that you should come. Must be. Oh, that's right. No, nonsense. The language course, I think I had to be present only 60 percent of the time. Just exactly and at the other courses, so content courses like history, then you were allowed to have a strict So Saturday on the Twice as","So we're so small anyway, that's why it actually makes me think that you, yes, that you have to come. Yes, oh, no, no, no, the language course, you had to be there, I think, only 60 percent of the time, only exactly and with the other courses, so so content courses like history, you were allowed to, there was, then, it was more strict, so you were allowed to do it twice.","So we are already so small because it actually makes me think that you, yes, that you have to come. Yes, oh, no, no, no, the language course, you had to be there, I think, only 60 percent of the time, only exactly and with the other courses, so so as content courses like history, you were allowed to, there was, then it was more strict, so you were allowed two times."
0303,"Ach so.
Ja.
Also in","I see.
Yes.
Well in",D:\BridgeDEUX\analysis\mobile_benchmark_audio_100\mslt\MSLT_Test_DE_0303.T0.de.wav,"Ähm, also ja, also...",1156.188300001304,0.25819344524380494,0.13827655310621242,"Oh, yes.","Oh, yes.","Um, so, yeah, so...","Um, so, yeah, so..."
0335,"Obwohl ich natürlich einige Sachen in China auch nicht so mag.
Das betrifft zum Beispiel die Menschen.
Also die Anzahl der Menschen vor allem und dann natürlich die Luftverschmutzung.","Although of course I don't like a few things in China too.
That concerns the people, for example.
Well especially the number of people and then of course the pollution.",D:\BridgeDEUX\analysis\mobile_benchmark_audio_100\mslt\MSLT_Test_DE_0335.T0.de.wav,"Obwohl ich natürlich einige Sachen in China auch nicht so mag, das betrifft zum Beispiel die Anzahl der Menschen, vor allem und dann natürlich die Luftverschmutzung.",1378.4694999994827,0.25819344524380494,0.13827655310621242,"Although I don't like some things in China, for example, that affects people. So the number of people, especially and then, of course, air pollution.","Although I don't like some of the things in China, for example, that affects people. So the number of people is above all, and then, of course, air pollution.","Although I don't like some things in China, for example, it affects the number of people, especially and then, of course, air pollution.","Although I don't like some things in China, for example, it concerns the number of people, especially and then of course air pollution."
0340,Also,Well,D:\BridgeDEUX\analysis\mobile_benchmark_audio_100\mslt\MSLT_Test_DE_0340.T0.de.wav,Also...,1220.4438999997365,0.25819344524380494,0.13827655310621242,So...,So...,So...,So...
0370,"Hallo.
Ich kann dich","Hello.
I can",D:\BridgeDEUX\analysis\mobile_benchmark_audio_100\mslt\MSLT_Test_DE_0370.T0.de.wav,"Hallo, ich kann dich.",1146.4973999991344,0.25819344524380494,0.13827655310621242,Hello.,Hello.,"Hello, I can do you.","Hello, I can do you."
0388,Natürlich.,Of course.,D:\BridgeDEUX\analysis\mobile_benchmark_audio_100\mslt\MSLT_Test_DE_0388.T0.de.wav,"Nö, tülle.",1325.7393000003503,0.25819344524380494,0.13827655310621242,Of course.,Of course.,"Nope, tulle.","Nope, tulle."
0395,Ja.,Yes.,D:\BridgeDEUX\analysis\mobile_benchmark_audio_100\mslt\MSLT_Test_DE_0395.T0.de.wav,Oh ja.,1125.3653000003396,0.25819344524380494,0.13827655310621242,Yeah.,Yeah.,"Oh, yes.","Oh, yes."
0399,Wow.,Wow.,D:\BridgeDEUX\analysis\mobile_benchmark_audio_100\mslt\MSLT_Test_DE_0399.T0.de.wav,Wow!,1222.986900000251,0.25819344524380494,0.13827655310621242,Wow.,Wow.,Wow!,Wow!
0413,Okay.,Okay.,D:\BridgeDEUX\analysis\mobile_benchmark_audio_100\mslt\MSLT_Test_DE_0413.T0.de.wav,Ah okay.,1244.0425000004325,0.25819344524380494,0.13827655310621242,Okay.,Okay.,"Ah, okay.","Ah, okay."
0433,"Mussten wir sie dann abgeben, weil wir einfach nicht genug Platz hatten sie zu halten.
Ja, wir haben sie dann an Freunde weitergegeben, die mehrere Hühner haben.","We had to give her up because we just didn't have enough room to keep her.
Yes, we passed them on to friends then who have more chickens.",D:\BridgeDEUX\analysis\mobile_benchmark_audio_100\mslt\MSLT_Test_DE_0433.T0.de.wav,"Wir mussten dann abgeben, weil wir einfach nicht genug Platz hatten, sie zu halten. Und ja, wir haben sie dann dann Freunde weitergegeben, die mehrere Hühner haben.",1384.1836999999941,0.25819344524380494,0.13827655310621242,"Then we had to hand them over because we just didn't have enough space to hold them. Yes, we passed them on to friends who have several chickens.","Then we had to hand them over because we just didn't have enough room to hold them. Yes, we passed them on to friends who have several chickens.","We had to give it up because we just didn't have enough room to hold it. And yes, we then passed it on to friends who have several chickens.","Then we had to leave because we just didn't have enough room to hold them. And yes, we then passed them on to friends who have several chickens."
0442,"Na ja, ich war halt früher als Kind Fan von Sissi, also der Prinzessin.","Well, just as a child earlier I was a fan of Sissi, like the princess.",D:\BridgeDEUX\analysis\mobile_benchmark_audio_100\mslt\MSLT_Test_DE_0442.T0.de.wav,"Ich war halt früher als Kind Fan von Sissy, der Prinzessin.",1233.458900000187,0.25819344524380494,0.13827655310621242,"Well, I used to be a fan of Sissi when I was a kid, so the princess.","Well, I used to be a fan of Sissi when I was a kid, so the princess.","I used to be a fan of Sissy, the princess, when I was a kid.","I used to be a fan of Sissy, the princess, when I was a kid."
0443,Okay.,Okay.,D:\BridgeDEUX\analysis\mobile_benchmark_audio_100\mslt\MSLT_Test_DE_0443.T0.de.wav,Okay.,1217.835900000864,0.25819344524380494,0.13827655310621242,Okay.,Okay.,Okay.,Okay.
0480,"Also ich würd mal sagen, so mit etwas weiterer, entfernter Verwandtschaft sind wir ja bestimmt um die hundert bis hundertfünfzig Leute, die dann da immer zusammen kommen.
Und ja, diese Party gehen dann immer, sag mal, von morgens irgendwann um zehn bis tief in die Nacht dann am nächsten Tag.","I would also say, along with some further, more distant relatives we are certainly around a hundred to a hundred and fifty people, who consistently turn up.
And yes, go to this party then always, say, from the morning sometime around ten until late at night the next day then.",D:\BridgeDEUX\analysis\mobile_benchmark_audio_100\mslt\MSLT_Test_DE_0480.T0.de.wav,"Also ich würde mal sagen, so mit etwas weitere entfernter Verwandtschaft sind wir ja bestimmt um die 100 bis 150 Leute, die dann da immer zusammenkommen. Und ja, die Supartis, die gehst ihr noch immer, sag mal von morgens irgendwann um 10 bis tief in die Nacht dann am nächsten Tag.",1591.4303999998083,0.25819344524380494,0.13827655310621242,"Well, I'd say, with some more distant kinship, we're probably about a hundred to a hundred and fifty people who always come together there. And yes, this party always goes, say, from morning at some point in the morning at ten to deep into the night then the next day.","So I'd say, with a little bit more distant kinship, we're probably about a hundred to a hundred and fifty people who always come together there. And yes, this party always goes then, say, from morning at some point in the morning at ten to deep into the night then the next day.","Well, I'd say that with some more distant kinship, we'll probably be around 100 to 150 people who will always come together there. And yes, the Supartis, they're still going to tell her from morning at some point in the morning at 10 to deep into the night then the next day.","Well, I'd say that's how we're going to be with some more distant kinship around 100 to 150 people who always get together there. And yes, the Supartis, they still go, say from morning to morning at some point at 10 to deep into the night then the next day."
0487,"Ja, das glaube ich.","Yes, I believe that.",D:\BridgeDEUX\analysis\mobile_benchmark_audio_100\mslt\MSLT_Test_DE_0487.T0.de.wav,"Ja, das glaube ich.",1165.6560999999783,0.25819344524380494,0.13827655310621242,"Yeah, I think so.","Yeah, I think so.","Yeah, I think so.","Yeah, I think so."
0542,"Flogen die Fetzen.
Und ich glaub, wir haben die Zeit um.","Sparks flew.
And I think we're out of time.",D:\BridgeDEUX\analysis\mobile_benchmark_audio_100\mslt\MSLT_Test_DE_0542.T0.de.wav,und ich glaube wir haben Zeit um.,1162.9264999992301,0.25819344524380494,0.13827655310621242,And I think we're running out of time.,And I think we're running out of time.,And I think we've got time.,And I think we've got time.
0598,Neuen Speicherplatz kaufen,To buy new disk space,D:\BridgeDEUX\analysis\mobile_benchmark_audio_100\mslt\MSLT_Test_DE_0598.T0.de.wav,neuen Speicherplatz kaufen.,1154.3220999992627,0.25819344524380494,0.13827655310621242,Buy new storage space,Buy new storage space,Buy new storage space.,Buy new storage space.
0603,Okay.,Okay.,D:\BridgeDEUX\analysis\mobile_benchmark_audio_100\mslt\MSLT_Test_DE_0603.T0.de.wav,Okay.,1274.3529999988823,0.25819344524380494,0.13827655310621242,Okay.,Okay.,Okay.,Okay.
0617,"Thai-Essen, ja.","Thai food, yes.",D:\BridgeDEUX\analysis\mobile_benchmark_audio_100\mslt\MSLT_Test_DE_0617.T0.de.wav,Tai Essen. Ja.,1295.868100000007,0.25819344524380494,0.13827655310621242,"Thai food, yes.","Thai food, yes.",Tai food.,Tai food.
0658,"Das ist mir übrigens gestern auch fast passiert.
Und ja
Ich war
Sag mer mal, ich hab mich verplaudert am Flughafen und es ist mir
Du weißt genau
Und nee","And almost happened to me yesterday as well, by the way.
And yeah
I was
Tell me, I had a few chats at the airport and it is
You know exactly
And no",D:\BridgeDEUX\analysis\mobile_benchmark_audio_100\mslt\MSLT_Test_DE_0658.T0.de.wav,"Das ist mir übrigens gestern auch fast passiert. Und ja, ich war dankbar mal, ich habe mich verplaudert am Flughafen und es ist mir, du weißt genau und verplaudert.",1450.8051999982854,0.25819344524380494,0.13827655310621242,"By the way, that almost happened to me yesterday, and yes I was telling you, I was chatting at the airport and it's me You know exactly And no","That almost happened to me yesterday, by the way. And yes I was telling you, I was chatting at the airport and it's me You know exactly And no","By the way, that almost happened to me yesterday, and yes, I was grateful, I was chatting at the airport, and it's me, you know, and chatting.","By the way, that almost happened to me yesterday, and yes, I was grateful, I was chatting at the airport, and it's me, you know, and chatting."
0668,Nordchina oder,North China or,D:\BridgeDEUX\analysis\mobile_benchmark_audio_100\mslt\MSLT_Test_DE_0668.T0.de.wav,Das ist ein Schlimmau.,1323.5693000005995,0.25819344524380494,0.13827655310621242,Northern China; or,Northern China; or,That's a bad thing.,That's a bad thing.
0685,Viel chinesische Einflüsse in den Häusern und,Many Chinese influences in the houses and,D:\BridgeDEUX\analysis\mobile_benchmark_audio_100\mslt\MSLT_Test_DE_0685.T0.de.wav,Es gibt viele chinesische Einflüsse in den Häusern und...,1237.9002999987279,0.25819344524380494,0.13827655310621242,Lots of Chinese influences in the houses and,Lots of Chinese influences in the houses and,There are many Chinese influences in the houses and...,There are many Chinese influences in the houses and...
0687,"Werd ich da nicht ganz lang bleiben.
Gut, jetzt ist es, glaub ich, auch schon wieder bald fast ein Jahr wie's dann immer so ist.
Aber das Problem ist auch, wenn ich jetzt mit ihr in eine andere Stadt ziehen würde, dann bin ich da halt mit ihr komplett alleine.
So.
Man hat da keine Freude.
Mittlerweile kennt man ja auch ein, zwei Leute.
Und das ist dann immer so das Problem.
Man ist komplett auf sich alleine gestellt.
Und es ist auch schwierig, neue Leute kennenzulernen so und die man dann auch wirklich als","I won't stay there terribly long.
Good, now it's almost another years again soon, I think, just as it always is.
But the problem is also, if I were to move to another city with her now, then I would be just completely alone there with her.
So.
You don't have any friends there.
You know one or two people by now.
And then that's always like the problem.
You're completely dependent on yourself.
And it's hard, too, to like meet new people and who you really as",D:\BridgeDEUX\analysis\mobile_benchmark_audio_100\mslt\MSLT_Test_DE_0687.T0.de.wav,"werde ich dann nicht lang bleiben gut. Jetzt ist es glaube ich auch schon wieder bald fast nja, wie es dann immer so ist, aber das Problem ist auch, wenn ich jetzt mit ihr in eine andere Stadt ziehen würde, dann bin ich da halt mit ihr komplett alleine so. Man hat da keine Freude mittlerweile, kennt man ja auch ein, zwei Leute und das ist dann immer das Problem, man ist komplett auf sich alleine gestellt und es ist auch schwierig, neue Leute kennenzulernen, die man dann auch wirklich als",1946.3751999992382,0.25819344524380494,0.13827655310621242,"Well, now it is, I think, almost a year as it always is. But the problem is that if I would move with her to another city now, then I am completely alone with her. So. You don't enjoy it. Meanwhile you know one or two people. And that's always the problem. You're completely on your own. And it's also difficult to get to know new people like this and then you really know them as","Well, now it is, I think, already almost a year as it always is. But the problem is that if I would move with her to another city now, then I am completely alone with her. So. You don't enjoy it. Meanwhile you know one or two people. And that's always the problem. You are completely on your own. And it's also difficult to get to know new people like this and then you really get to know them as","I'm not going to be good for long. Now I think it's almost nja again, as it always is, but the problem is that if I would move with her to another city now, then I'm totally alone with her. You don't have any joy in the meantime, you know one or two people and that's always the problem, you're completely on your own and it's also difficult to get to know new people, which you can then really as","I'm not going to be good for long. Now I think it's almost nja again, as it always is, but the problem is that if I would move with her to another city now, then I'm totally alone with her. You don't have any joy in the meantime, you know one or two people and that's always the problem, you're completely on your own and it's also difficult to get to know new people, which you can then really like"
0698,"Paar Chemikalien in die Luft gesprüht, die das alles blau erhalten.",Sprayed a few chemicals in the air that preserve everything blue.,D:\BridgeDEUX\analysis\mobile_benchmark_audio_100\mslt\MSLT_Test_DE_0698.T0.de.wav,"Paschimikalien in die Luft gesprüht, die das alles blau halten.",1316.087500001231,0.25819344524380494,0.13827655310621242,Pair of chemicals sprayed into the air that get all this blue.,Couple of chemicals sprayed into the air that get all this blue.,Sprayed pashimicals into the air that keep all this blue.,Sprayed pashimicals into the air that keep all this blue.
0701,"Ja, das ist der entscheidende Faktor dann.
Richtig.","Yes, that is the decisive factor then.
Correct.",D:\BridgeDEUX\analysis\mobile_benchmark_audio_100\mslt\MSLT_Test_DE_0701.T0.de.wav,"Ja, das ist der entscheidende Faktor dann richtig.",1271.942900000795,0.25819344524380494,0.13827655310621242,"Yeah, that's the decisive factor then.","Yeah, that's the decisive factor then.","Yes, that is the decisive factor then right.","Yes, that is the decisive factor then right."
0736,"Ich glaub nicht.
Also ich glaub, dass die Küche nicht gut genug ausgerüstet ist.
Das ist halt auch immer die Sache beim Kochen.
So spezielle Sache, die man, wo man dann mehr, also wo die Zubereitung schwieriger ist.
Da hat man dann in so einer kleinen Küche gar nicht das Equipment und dann muss man sich Sachen dazu holen.","I don't think so.
Well I think the kitchen is not equipped well enough.
That's always the thing about cooking, too.
Such a special thing, that you, where more, well where the preparation is more difficult.
You don't have all the equipment in such as small kitchen and then you have to get additional things.",D:\BridgeDEUX\analysis\mobile_benchmark_audio_100\mslt\MSLT_Test_DE_0736.T0.de.wav,"Ich glaube nicht, ich glaube, dass die Küche nicht gut genug ausgerüstet ist. Das ist halt auch mal die Sache beim Kochen, so Spezäde-Sachen, die man wo man da mehr Zubereitungs, also wo die Zubereitung schwieriger ist. Da hat man dann im Wert gerade so einer kleinen Küche gar nicht das equipmenten, dann muss man sich dann irgendwie noch Sachen dazu holen. allright.",3168.3286000006774,0.25819344524380494,0.13827655310621242,"I don't think so. So I think the kitchen is not well equipped enough. That's always the thing when cooking. So special thing that you, where you then more, where the preparation is more difficult. Then in such a small kitchen you don't have the equipment at all and then you have to get things to it.","I don't think so. So I think that the kitchen is not well equipped enough. That's always the thing when cooking. So special thing that you, where you are then more, where the preparation is more difficult. Then you don't have the equipment in such a small kitchen at all and then you have to get things for it.","I don't think I think the kitchen is not well equipped enough. That's just the thing with cooking, so special things that you where you have more preparation, so where the preparation is more difficult. Then you don't even have the equipment in value of a small kitchen, then you have to somehow get things to do with it. allright.","I don't think I think that the kitchen is not well equipped enough. That's just the thing with cooking, so special things, where you have more preparation, so where the preparation is more difficult. Since you don't even have the equipment in value of a small kitchen at all, then you have to somehow get things to do with it. allright."
0828,"Gelesen, beziehungsweise gehört.
Aber ich hab's auf Französisch und auf Französisch ist es noch schöner.
Aber ich meine, der kleine Prinz ist einfach schön.","Read, or heard as the case my be.
But I have got it in French and in French it is even more beautiful.
But I mean, The Little Prince is just beautiful.",D:\BridgeDEUX\analysis\mobile_benchmark_audio_100\mslt\MSLT_Test_DE_0828.T0.de.wav,"gelesen zu sein gehört. Aber ich habe es auch französisch. In der französischen ist noch schöner. Aber ich meine, kleine Prinzessur ist einfach schön.",1608.9742999993177,0.25819344524380494,0.13827655310621242,"Read it, or hear it, but I've got it in French and it's even more beautiful in French, but I mean, the little prince is just beautiful.","It's more beautiful in French, but I mean, the little prince is just beautiful.","But I also have it in French. In French is even more beautiful. But I mean, little princess is just beautiful.","But I also have it in French. In French is even more beautiful. But I mean, little princess is just beautiful."
0856,"Das ist ja lieb.
Also deine älteste Katze ist männerfixiert auf Deutsch gesagt.","That's so sweet.
So your oldest cat is fixated on men, as we say in German.",D:\BridgeDEUX\analysis\mobile_benchmark_audio_100\mslt\MSLT_Test_DE_0856.T0.de.wav,"Das ist ja lieb, also deine älteste Katze ist menna fixiert auf Deutsch gesagt.",1632.009900000412,0.25819344524380494,0.13827655310621242,"That's sweet, so your oldest cat is man-fixed in German.","That's sweet, so your oldest cat is man-fixed in German.","That's sweet, so your oldest cat is said menna fixed in German.","That's sweet, so your oldest cat is said menna fixed in German."
0902,Und,And,D:\BridgeDEUX\analysis\mobile_benchmark_audio_100\mslt\MSLT_Test_DE_0902.T0.de.wav,und...,1324.693099999422,0.25819344524380494,0.13827655310621242,And,And,And...,And...
0908,Okay.,Okay.,D:\BridgeDEUX\analysis\mobile_benchmark_audio_100\mslt\MSLT_Test_DE_0908.T0.de.wav,Okay.,1338.7667999995756,0.25819344524380494,0.13827655310621242,Okay.,Okay.,Okay.,Okay.
0914,Weil die dann unsere Volkswirtschaft tragen.,Because then they're carrying our national economy.,D:\BridgeDEUX\analysis\mobile_benchmark_audio_100\mslt\MSLT_Test_DE_0914.T0.de.wav,weil die unsere Feuersellschaft tragen.,1623.7916000009136,0.25819344524380494,0.13827655310621242,Because they'll carry our economy.,Because they'll carry our economy.,Because they're carrying our firehouse.,Because they're carrying our firehouse.
0925,Ja.,Yes.,D:\BridgeDEUX\analysis\mobile_benchmark_audio_100\mslt\MSLT_Test_DE_0925.T0.de.wav,Ja.,1594.321000000491,0.25819344524380494,0.13827655310621242,Yeah.,Yeah.,Yeah.,Yeah.
0939,"Der eigenen vier Wände ist, wie man sich das gerne wünscht.
Und vor allem ist es dann auch teilweise vielleicht dann auch anstrengend dann immer diese Restaurants aufzusuchen.","The own four walls, how you would want it to be.
And most of all it is maybe partly also exhausting then to always go to these restaurants.",D:\BridgeDEUX\analysis\mobile_benchmark_audio_100\mslt\MSLT_Test_DE_0939.T0.de.wav,"Der eigenen Vierwende ist, wie man sich das gerne wünscht. Im Fallen ist es dann auch teilweise vielleicht ananstrengend, dann so ein immer dieses Rows aufzusuchen.",1568.3239999998477,0.25819344524380494,0.13827655310621242,"One's own four walls is, as you would like it to be. And above all, it is then sometimes also exhausting to visit these restaurants.",The own four walls is as you would like it to be. And above all it is then sometimes also sometimes exhausting then always to visit these restaurants.,"One's own four-turn is, as one would like it to be. In case of falling, it may also be hard to find one of these Rows.","One's own four-turn is, as one would like to wish. In case of falling, it may also be hard to find one of those Rows."
0942,"Ja, also ich denke, das hängt davon ab, ob ich jetzt gerade nachts unterwegs bin und nach dem Club etwas essen möchte.
Da bin ich wahrscheinlich weniger wählerisch, dadurch das mein Auffassungsvermögen auch ein bisschen verändert ist.
Und dann sehe ich das Ganze nicht mehr so kritisch.
Aber","Yes, well I think it depends if I happen to be on the go at night now and would like to eat something after the club.
I'm less picky there probably, since my powers of observation are also a little different.
And then I don't see the whole thing as critical anymore.
But",D:\BridgeDEUX\analysis\mobile_benchmark_audio_100\mslt\MSLT_Test_DE_0942.T0.de.wav,"Ja, also ich denke, davon ab, ob ich jetzt gerade nachts unterwegs bin und nach der Disco, nach dem Club etwas essen möchte, da bin ich wahrscheinlich weniger wählerisch, dadurch, dass mein Auffassungsvermögen auch ein bisschen verändert ist. Und da bin ich sehe ich es ganz nicht mehr so kritisch. Aber...",2649.9306000005163,0.25819344524380494,0.13827655310621242,"Yes, so I think that depends on whether I'm on the road at night and want to eat after the club. I'm probably less picky, so that my perception is a little bit changed. And then I don't see it that critical anymore.","Yeah, well, I think that depends on whether I'm on my way at night and want to eat after the club. I'm probably less picky, so that my perception is changed a little bit. And then I don't see the whole thing so critical anymore.","Yeah, so I'm thinking about whether I'm on my way at night now and after the disco, after the club, I'm probably less picky, because my perception is a little bit different, and I don't see it that critical anymore. But...","Yeah, well, I'm thinking about whether or not I'm on the road at night and after the disco, after the club, I'm probably less picky, because my understanding is a little bit different, and I don't see it that critical anymore. But..."
0943,"Im normalen Zustand würd ich schon sagen, dass Snacks unterm Tag schon trotzdem noch eine hohe Qualität aufweisen sollten.
Dadurch, dass ich auch gewisse Nährstoffe für meinen Körper benötige.","Under normal conditions I would actually say that snacks during the day should still display a high quality.
Because I also require certain nutrients for my body.",D:\BridgeDEUX\analysis\mobile_benchmark_audio_100\mslt\MSLT_Test_DE_0943.T0.de.wav,"Im normalen Zustand würde ich schon sagen, dass Snacks und am Tag schon trotz noch eine hohe Qualität aufweisen sollten, dadurch dass ich auch gewisse Nährstoffe für mein Körper benötige.",2088.245900000402,0.25819344524380494,0.13827655310621242,In normal condition I would say that snacks should still have a high quality during the day. Because I also need certain nutrients for my body.,"In normal condition, I would say that snacks should still have a high quality during the day. Because I also need certain nutrients for my body.","In the normal state I would say that snacks and in the day should have a high quality, because I also need certain nutrients for my body.","In the normal state I would say that snacks and in the day should have a high quality, because I also need certain nutrients for my body."
0946,Okay.,Okay.,D:\BridgeDEUX\analysis\mobile_benchmark_audio_100\mslt\MSLT_Test_DE_0946.T0.de.wav,Okay.,1579.1497999998683,0.25819344524380494,0.13827655310621242,Okay.,Okay.,Okay.,Okay.
0958,"Ja, ich denke, der ideale Kellner, die ideale Kellnerin, sollte auf jeden Fall sehr sozial sein, sehr zuvorkommend, auf die Wünsche des Gast eingehen.","Yes, I think the perfect waiter, the perfect waitress, should definitely be very social, very courteous, respond to the guest's wishes.",D:\BridgeDEUX\analysis\mobile_benchmark_audio_100\mslt\MSLT_Test_DE_0958.T0.de.wav,"Ich denke, der ideale Kellner, der ideale Kellnerin soll auf jeden Fall sehr sozial sein, sehr zu vorkommt, auf die Wünsche des Gass eingehen.",1502.1830000005139,0.25819344524380494,0.13827655310621242,"Yes, I think the ideal waiter, the ideal waitress, should definitely be very social, very accommodating, responding to the wishes of the guest.","Yes, I think the ideal waitress, the ideal waitress, should definitely be very social, very accommodating, responding to the wishes of the guest.","I think the ideal waiter, the ideal waitress should definitely be very social, very much to respond to the wishes of the gas.","I think the ideal waiter, the ideal waitress should definitely be very social, very much to occur, to respond to the wishes of the gas."
0977,In meinem ganzen Leben oder?,In my whole life or?,D:\BridgeDEUX\analysis\mobile_benchmark_audio_100\mslt\MSLT_Test_DE_0977.T0.de.wav,in meinem ganzen Leben oder,1342.780999999377,0.25819344524380494,0.13827655310621242,"In my whole life, right?","In my whole life, right?","in my whole life, or",in my whole life or
0982,Für die Flitterwochen.,For the honeymoon.,D:\BridgeDEUX\analysis\mobile_benchmark_audio_100\mslt\MSLT_Test_DE_0982.T0.de.wav,für die Flätterwochen.,1296.4818000000378,0.25819344524380494,0.13827655310621242,For the honeymoon.,For the honeymoon.,for the Flatter Weeks.,for the Flatter Weeks.
0996,"Sehr schlechte, aber auch","Very bad ones, but also",D:\BridgeDEUX\analysis\mobile_benchmark_audio_100\mslt\MSLT_Test_DE_0996.T0.de.wav,"sehr schlechte, aber auch.",1427.7450000008685,0.25819344524380494,0.13827655310621242,"Very bad, but also","Very bad, but also","very bad, but also.","Very bad, but also."
0997,In einem sehr guten Hostel.,In a very good hostel.,D:\BridgeDEUX\analysis\mobile_benchmark_audio_100\mslt\MSLT_Test_DE_0997.T0.de.wav,in einem sehr guten Hostel.,1467.0489000000089,0.25819344524380494,0.13827655310621242,In a very good hostel.,In a very good hostel.,in a very good hostel.,in a very good hostel.
1046,"Hab ich dort mein neues Hobby kennengelernt, das Surfen.
Und die Sprache Spanisch gefällt mir auch super gut.
Deswegen, ja, fahr ich immer wieder gerne zurück.
Mittlerweile spreche ich auch fließend Spanisch und","Found my new hobby there, surfing.
And I also like Spanish very much as a language.
Yes, that's why I always like to go back again.
By now I speak fluent Spanish too and",D:\BridgeDEUX\analysis\mobile_benchmark_audio_100\mslt\MSLT_Test_DE_1046.T0.de.wav,"habe ich dort mein neues Hobby kennengelernt das Sörelfen und die Sprache sparnisch gefällt mir auch super. Gut deswegen ja, fahr ich immer wieder gerne zurück mittlerweile, spreche ich auch fließend sparnisch und",1776.1582000002818,0.25819344524380494,0.13827655310621242,"I got to know my new hobby there, surfing. And I also like the language Spanish very much. That's why, yes, I like to go back again and again.","I got to know my new hobby there, surfing. And I also like the language Spanish very much. That's why, yes, I like to go back again and again. Meanwhile I also speak fluently Spanish and","I got to know my new hobby there and I also like the language in sparnisch. Well, that's why I like to go back again and again, I also speak fluently in sparnisch and","I got to know my new hobby there and I like the language in a sparnisch way. Well, that's why I like to go back again and again, I also speak fluently in a sparnisch language."
1047,"Ja, übe das immer wieder gerne mit den Einheimischen dort.","Yes, I always enjoy practicing that with the natives there.",D:\BridgeDEUX\analysis\mobile_benchmark_audio_100\mslt\MSLT_Test_DE_1047.T0.de.wav,"Ja, über das sind wir wieder gerne mit den einheimischen Dort.",1374.6527999992395,0.25819344524380494,0.13827655310621242,"Yes, do it again and again with the locals there.","Yes, do it again and again with the locals there.","Yes, we are happy about that again with the locals there.","Yes, we are happy about that again with the locals there."
1054,Ja.,Yes.,D:\BridgeDEUX\analysis\mobile_benchmark_audio_100\mslt\MSLT_Test_DE_1054.T0.de.wav,Ja.,1270.1383000003261,0.25819344524380494,0.13827655310621242,Yeah.,Yeah.,Yeah.,Yeah.
1124,Ja.,Yes.,D:\BridgeDEUX\analysis\mobile_benchmark_audio_100\mslt\MSLT_Test_DE_1124.T0.de.wav,Ja.,1309.1928000012558,0.25819344524380494,0.13827655310621242,Yeah.,Yeah.,Yeah.,Yeah.
1132,Aber egal was man jetzt,But no matter what you now,D:\BridgeDEUX\analysis\mobile_benchmark_audio_100\mslt\MSLT_Test_DE_1132.T0.de.wav,"Oh mein Gott, das ist mein Jets.",1448.3172000000195,0.25819344524380494,0.13827655310621242,But no matter what you do now,But no matter what you do now,"Oh, my God, that's my jet.","Oh, my God, that's my jet."
1133,Okay.,Okay.,D:\BridgeDEUX\analysis\mobile_benchmark_audio_100\mslt\MSLT_Test_DE_1133.T0.de.wav,Okay.,1229.059999999663,0.25819344524380494,0.13827655310621242,Okay.,Okay.,Okay.,Okay.
1142,"Okay, krass.","Okay, crazy.",D:\BridgeDEUX\analysis\mobile_benchmark_audio_100\mslt\MSLT_Test_DE_1142.T0.de.wav,Okay. Okay. Gracias.,1660.6035999993765,0.25819344524380494,0.13827655310621242,"Okay, crazy.","Okay, it's amazing.","Okay, Gracias.","Okay, Gracias."
1145,Ja.,Yes.,D:\BridgeDEUX\analysis\mobile_benchmark_audio_100\mslt\MSLT_Test_DE_1145.T0.de.wav,Ja.,1187.968300000648,0.25819344524380494,0.13827655310621242,Yeah.,Yeah.,Yeah.,Yeah.
1154,Ja.,Yes.,D:\BridgeDEUX\analysis\mobile_benchmark_audio_100\mslt\MSLT_Test_DE_1154.T0.de.wav,Ja?,1319.425699999556,0.25819344524380494,0.13827655310621242,Yeah.,Yeah.,Yes?,Yes?
1175,Ja.,Yes.,D:\BridgeDEUX\analysis\mobile_benchmark_audio_100\mslt\MSLT_Test_DE_1175.T0.de.wav,Ja.,1162.6225999989401,0.25819344524380494,0.13827655310621242,Yeah.,Yeah.,Yeah.,Yeah.
1187,"Ja, mein bester Freund hat gemacht.","Yes, my best friend did.",D:\BridgeDEUX\analysis\mobile_benchmark_audio_100\mslt\MSLT_Test_DE_1187.T0.de.wav,"Ja, mein Bestes App ist ein Thema.",1574.538599999869,0.25819344524380494,0.13827655310621242,"Yeah, my best friend made it.","Yeah, my best friend made it.","Yes, my best app is a theme.","Yeah, my best app is a theme."
1188,Ja.,Yes.,D:\BridgeDEUX\analysis\mobile_benchmark_audio_100\mslt\MSLT_Test_DE_1188.T0.de.wav,Ja.,1125.741099998777,0.25819344524380494,0.13827655310621242,Yeah.,Yeah.,Yeah.,Yeah.
1235,"Bester dein Lieblingsfußballclub, wenn du so ein Fußballfreak bist?
Was ist denn dann so dein Lieblingsverein?","Best your favorite soccer club, if you are such a soccer freak?
So what is your favorite team then?",D:\BridgeDEUX\analysis\mobile_benchmark_audio_100\mslt\MSLT_Test_DE_1235.T0.de.wav,"Besser, ein Lieblingsfußballclub, und ein Fussballfreak. Besser, das sind die Reignie.",1351.7664999999397,0.25819344524380494,0.13827655310621242,"Best your favorite football club, if you're such a football freak? What is your favorite club?","Best your favorite football club, if you're such a football freak? What's your favorite club?","Better, a favorite football club, and a football freak.","Better, a favorite football club, and a football freak."
1252,"Aber ich finde das trotzdem schwer, wenn man drei vier Jahre nicht auf dem Eis war, dann wieder bisschen zu fahren.","But I still find it a little hard, when you haven't been on the ice for three or four years, to start skating again a little.",D:\BridgeDEUX\analysis\mobile_benchmark_audio_100\mslt\MSLT_Test_DE_1252.T0.de.wav,"Aber ich finde es trotzdem schwer, wenn man drei, vier Jahre nicht auf dem Eis war, dann wieder ein bisschen zu fahren.",1310.8467999991262,0.25819344524380494,0.13827655310621242,"But I still find this difficult, if you were not on the ice for three four years, then to drive again a little.","But I still find it difficult if you were not on the ice for three four years, then to drive again a bit.","But I still find it difficult if you weren't on the ice for three or four years, then drive a little again.","But I still find it difficult if you haven't been on the ice for three or four years, then drive a little again."
1343,"Ja, stimmt.
Ich muss dort reden.
Ja, ich find hier gerade nicht die Themen wodrüber wir reden können.
Moment.","Yes, that's right.
I have to talk there.
Yeah, I'm not really finding the themes here that we can talk about.
Moment.",D:\BridgeDEUX\analysis\mobile_benchmark_audio_100\mslt\MSLT_Test_DE_1343.T0.de.wav,"Ja, ja, ich muss da drin. Ah ja, ich finde hier gerade nicht die Themen, wo darüber wir reden können. Moment.",1338.2179999989603,0.25819344524380494,0.13827655310621242,"Yeah, right, I need to talk there, yeah, I can't find the issues we can talk about right now.","Yeah, right, I need to talk there, yeah, I can't find the things that we can talk about right now.","Yeah, yeah, I have to go in there.","Yeah, yeah, I have to go in there."
1347,"Hey Popeye.
Der ist doch so eine Karikaturfigur und wenn der Spinat isst, dann wird der megastark.","Hey Popeye.
He's some kind of caricature, right, and when he eats spinach he gets super strong.",D:\BridgeDEUX\analysis\mobile_benchmark_audio_100\mslt\MSLT_Test_DE_1347.T0.de.wav,"Papa, ey Papa, der ist das so eine karikaturfigur, wenn der Spinat ist, dann wird der Menge stark.",1376.4645000010205,0.25819344524380494,0.13827655310621242,"Hey Popeye, he's such a caricature figure, and if the spinach eats, it's gonna be huge.","Hey Popeye, he's such a cartoon figure, and if the spinach eats, it's gonna be huge.","Papa, ey Papa, he's such a caricature figure, if the spinach is, then the crowd will be strong.","Dad, ey Papa, he's such a caricature figure, if the spinach is, then the crowd will be strong."
1385,Das ist ja krass.,That's nuts.,D:\BridgeDEUX\analysis\mobile_benchmark_audio_100\mslt\MSLT_Test_DE_1385.T0.de.wav,Das ist ja auch toll.,1332.9376000001503,0.25819344524380494,0.13827655310621242,That's so bad.,That's amazing.,"That's great, too.","That's great, too."
1438,"Ja, Laos und Myanmar.","Yes, Laos and Myanmar.",D:\BridgeDEUX\analysis\mobile_benchmark_audio_100\mslt\MSLT_Test_DE_1438.T0.de.wav,"Ja, lau's, um Jema.",1408.0198999999993,0.25819344524380494,0.13827655310621242,"Yes, Laos and Myanmar.","Yes, Laos and Myanmar.","Yeah, lukewarm, about Jema.","Yeah, well, about Jema."
1453,"Ja, tschüss.","Yeah, bye.",D:\BridgeDEUX\analysis\mobile_benchmark_audio_100\mslt\MSLT_Test_DE_1453.T0.de.wav,"Ja, tschüss!",1169.6633999999904,0.25819344524380494,0.13827655310621242,"Yeah, bye-bye.","Yeah, bye.","Yes, bye!","Yes, bye!"
1469,Und,And,D:\BridgeDEUX\analysis\mobile_benchmark_audio_100\mslt\MSLT_Test_DE_1469.T0.de.wav,Und...,1237.3776999993424,0.25819344524380494,0.13827655310621242,And,And,And...,And...
1517,Was war dein letzter Kinofilm?,When was your last movie at a theater?,D:\BridgeDEUX\analysis\mobile_benchmark_audio_100\mslt\MSLT_Test_DE_1517.T0.de.wav,Was war dein letzter Kinofö?,1185.1030999987415,0.25819344524380494,0.13827655310621242,What was your last movie?,What was your last movie?,What was your last movie fan?,What was your last movie fan?
1535,"Ja, zum Junggesellenabschied von dem.","Yes, for his bachelor party.",D:\BridgeDEUX\analysis\mobile_benchmark_audio_100\mslt\MSLT_Test_DE_1535.T0.de.wav,"Ja, zum jungen Gesellenabschied von dem...",1204.2787999998836,0.25819344524380494,0.13827655310621242,"Yeah, to the bachelor party of that guy.","Yeah, to the bachelor party of that guy.","Yes, to the young companion's farewell from the...","Yes, to the young companion's farewell from the..."
1547,"Ja, Mr. Big ist Mr. Big.","Yes, Mr. Big is Mr. Big.",D:\BridgeDEUX\analysis\mobile_benchmark_audio_100\mslt\MSLT_Test_DE_1547.T0.de.wav,"Ja, Mr. Pickers, Mr. Pick!",1242.0729999994364,0.25819344524380494,0.13827655310621242,"Yes, Mr. Big is Mr. Big.","Yes, Mr. Big is Mr. Big.","Yes, Mr. Pickers, Mr. Pick!","Yes, Mr. Pickers, Mr. Pick!"
1548,Ja.,Yes.,D:\BridgeDEUX\analysis\mobile_benchmark_audio_100\mslt\MSLT_Test_DE_1548.T0.de.wav,Ja.,1122.4988000012672,0.25819344524380494,0.13827655310621242,Yeah.,Yeah.,Yeah.,Yeah.
1561,Mein Lieblingsschauspieler.,My favorite actor.,D:\BridgeDEUX\analysis\mobile_benchmark_audio_100\mslt\MSLT_Test_DE_1561.T0.de.wav,Mein Liebling-Schauspieler.,1173.5852999991039,0.25819344524380494,0.13827655310621242,My favorite actor.,My favorite actor.,My favorite actor.,My favorite actor.
1584,"Ja, und ich glaube, einer ihrer Lieblingsfilme ist Walk The Line.","Yes, and I think one of her favorite movies is Walk The Line.",D:\BridgeDEUX\analysis\mobile_benchmark_audio_100\mslt\MSLT_Test_DE_1584.T0.de.wav,Ja und ich glaube einer ihrer Lieblingsfilme ist Walked Line.,1235.190600000351,0.25819344524380494,0.13827655310621242,"Yeah, and I think one of her favorite movies is Walk The Line.","Yeah, and I think one of her favorite movies is Walk The Line.","Yeah, and I think one of her favorite movies is Walked Line.","Yeah, and I think one of her favorite movies is Walked Line."
1618,"Würd ich empfehlen, dass man das Gleiche macht als Normalanleger als wie wir Broker machen.
Mindestens.","I'd recommend that you do the same thing as a regular investor that we brokers do.
At least.",D:\BridgeDEUX\analysis\mobile_benchmark_audio_100\mslt\MSLT_Test_DE_1618.T0.de.wav,"würde ich empfehlen, dass man das gleiche macht, dass normal anlegt, wie wir Proker machen. Mindestens",1306.0822999996162,0.25819344524380494,0.13827655310621242,I would recommend that you do the same thing as a normal investor as we do brokers. At least.,I would recommend that you do the same thing as a normal investor as we do brokers. At least.,"I would recommend that you do the same thing that is normal, as we make prokers. At least","I would recommend that you do the same thing that is normal, as we do prokers. At least"
1622,"Ja klar zeigst, du hast nicht das erste genommen, was dir vor die Füße geworfen wurde, sondern du hattest genug Zeit, das richtige","Yeah sure you show you didn't take the first one that was thrown at your feet, but you had enough time so the right one",D:\BridgeDEUX\analysis\mobile_benchmark_audio_100\mslt\MSLT_Test_DE_1622.T0.de.wav,"klar zeigt. Du hast nicht das erste genommen, was die vor der Füße geworfen wurde, sondern du hast das genug Zeit das richtige.",1340.8050000016374,0.25819344524380494,0.13827655310621242,"Of course, you didn't take the first thing that was thrown at your feet, but you had enough time, the right one.","Of course, you didn't take the first thing that was thrown at your feet, but you had enough time to get the right","You didn't take the first thing that was thrown in front of your feet, but you have the right time.","You didn't take the first thing that was thrown in front of your feet, but you have the right time."
1624,Nicht.,Not.,D:\BridgeDEUX\analysis\mobile_benchmark_audio_100\mslt\MSLT_Test_DE_1624.T0.de.wav,Nichts ah.,1321.0930000004737,0.25819344524380494,0.13827655310621242,Don't.,Don't.,Nothing ah.,Nothing ah.
1645,Okay.,Okay.,D:\BridgeDEUX\analysis\mobile_benchmark_audio_100\mslt\MSLT_Test_DE_1645.T0.de.wav,Okay.,1234.7446999992826,0.25819344524380494,0.13827655310621242,Okay.,Okay.,Okay.,Okay.
1691,Eher was für Naturliebhaber.,More something for nature lovers.,D:\BridgeDEUX\analysis\mobile_benchmark_audio_100\mslt\MSLT_Test_DE_1691.T0.de.wav,und was für Naturliebhaber.,1175.1167999991594,0.25819344524380494,0.13827655310621242,More like something for nature lovers.,More like something for nature lovers.,and what for nature lovers.,and what for nature lovers.
1706,"Nein, ein warmes Land.","No, a warm country.",D:\BridgeDEUX\analysis\mobile_benchmark_audio_100\mslt\MSLT_Test_DE_1706.T0.de.wav,"Nein, in warmes Land.",1165.5749000001379,0.25819344524380494,0.13827655310621242,"No, it's a warm country.","No, it's a warm country.","No, in warm land.","No, to warm land."
1714,"Man muss halt ein bisschen auch darauf achten, was es kostet.","Well, you have to pay a little attention to what it costs.",D:\BridgeDEUX\analysis\mobile_benchmark_audio_100\mslt\MSLT_Test_DE_1714.T0.de.wav,"Man muss halt ein bisschen darauf achten, was es kostet.",1222.6749000001291,0.25819344524380494,0.13827655310621242,You just have to pay a little attention to what it costs.,You just have to pay a little attention to what it costs.,You just have to pay a little attention to what it costs.,You just have to pay a little attention to what it costs.
1789,"Ja, aber wie gut sind die denn?
Wie gut können die spielen?
Die sind dann so gut, dass ich das nicht sehen","Yes, but how good are they actually?
How well do they play?
They're so good that I can't see",D:\BridgeDEUX\analysis\mobile_benchmark_audio_100\mslt\MSLT_Test_DE_1789.T0.de.wav,"Ja, aber wie gut sind sie denn? Wie gut können wir nicht spielen? Die sind dann so gut, dass sie das nicht sehen kann.",1319.8723000004975,0.25819344524380494,0.13827655310621242,"Yeah, but how good are they? How good can they play? They're so good that I don't see that.","Yeah, but how good are they? How good can they play? They're so good that I don't see that.","Yeah, but how good are they? How good can we not play? They're so good that she can't see that.","Yeah, but how good are they? How good can we not play? They are so good that she can't see it."
1799,"Sehenden halbindonesischen Deutschen.
Den solltest du auf jeden Fall mal kennenlernen.","Seeing half-Indonesian Germans.
You should definitely get to know him.",D:\BridgeDEUX\analysis\mobile_benchmark_audio_100\mslt\MSLT_Test_DE_1799.T0.de.wav,"im indonesischen halb indonesischen deutschen. Ah, dann solltest du auf jeden Fall mal kennenler.",1316.9049000007362,0.25819344524380494,0.13827655310621242,"Seeing half-Indonesian Germans, you should definitely meet him.","Seeing half-Indonesian Germans, you should definitely get to know him.","in the Indonesian half Indonesian German. Ah, then you should definitely know more.","in the Indonesian half Indonesian German. Ah, then you should definitely know more."
1800,"Und weil er auch da war, hab ich dann Gitarre gespielt und gesungen.
Und es war ganz schön mit den ganzen Mädchen.
Die haben mir dann immer Lieder zugerufen und natürlich konnte ich die ganzen Lieder und hab die dann gespielt.
Aber ja","And because he was also there, I was playing the guitar and sang.
And it was really nice with all the girls.
They always called out songs to me, and of course I knew all the songs and played them.
But yes",D:\BridgeDEUX\analysis\mobile_benchmark_audio_100\mslt\MSLT_Test_DE_1800.T0.de.wav,"Und weil er auch da war, habe ich dann die gitarre gespielt, ok, sog'n und es war ganz schön mit den ganzen Mädchen, die haben mir dann immer Lieder zu gerufen und natürlich konnte ich die ganzen Lieder und habe die gespielt. Aber ja!",1610.8557999996265,0.25819344524380494,0.13827655310621242,"And because he was there, I played guitar and sang it. And it was pretty nice with all the girls. They always shouted songs to me and of course I could play all the songs and then played them.","And because he was there, I played the guitar and sang it. And it was pretty nice with all the girls. They always called me songs and of course I could play all the songs and then I played them.","And because he was there, I played the guitar, ok, so-called 'n' and it was pretty nice with all the girls, they always called me songs and of course I could play all the songs and they played them. But yes!","And because he was there, I played the guitar, ok, so-called 'n' and it was really nice with all the girls, they always called me songs and of course I could play all the songs and they played them. But yes!"
1802,"Ja, erzähl.","Yes, tell me.",D:\BridgeDEUX\analysis\mobile_benchmark_audio_100\mslt\MSLT_Test_DE_1802.T0.de.wav,"Ja, das ist ja, das ist ja.",1229.0769999999611,0.25819344524380494,0.13827655310621242,"Yeah, tell me.","Yeah, tell me.","Yeah, that's right, that's right.","Yeah, that's right, that's right."
1828,"Ja, das","Yes, the",D:\BridgeDEUX\analysis\mobile_benchmark_audio_100\mslt\MSLT_Test_DE_1828.T0.de.wav,"Ja, das.",1131.6889999998239,0.25819344524380494,0.13827655310621242,"Yes, the","Yes, the","Yeah, that.","Yeah, that."
1915,"Ganz kurze Nächte nur.
Oder im Winter?","Only really short nights.
Or in winter?",D:\BridgeDEUX\analysis\mobile_benchmark_audio_100\mslt\MSLT_Test_DE_1915.T0.de.wav,ganz kurz und echte nur oder im Winter.,1183.6555999998382,0.25819344524380494,0.13827655310621242,Very short nights only. Or in winter?,Short nights only. Or in winter?,very short and real only or in winter.,very short and real only or in winter.
1933,"Ja, voll.
Hat mich auch gefreut.","Yes, totally.
It was a pleasure.",D:\BridgeDEUX\analysis\mobile_benchmark_audio_100\mslt\MSLT_Test_DE_1933.T0.de.wav,"Ja, voll, ich fand' mich auch gefreut.",1231.8727000001672,0.25819344524380494,0.13827655310621242,"Yeah, it was nice to meet you, too.","Yeah, it was nice to meet you, too.","Yeah, I was happy to meet you, too.","Yeah, it was nice to meet you, too."
1955,Ein was?,A what?,D:\BridgeDEUX\analysis\mobile_benchmark_audio_100\mslt\MSLT_Test_DE_1955.T0.de.wav,Und was?,1163.778199999797,0.25819344524380494,0.13827655310621242,A what?,A what?,And what?,And what?
1957,"Ich glaub, dass war halt nur so nebenbei eine Stimme, die halt erzählt.
Also jetzt.
Oder wieso fragst du?","I think it was just kind of a voice on the side that was narrating.
So now.
Or why do you ask?",D:\BridgeDEUX\analysis\mobile_benchmark_audio_100\mslt\MSLT_Test_DE_1957.T0.de.wav,"Also ich glaube das war halt nur so nebenbei eine Stimme, die halt jetzt fehlt, also jetzt, oder wie so fragst du?",1333.7351999998646,0.25819344524380494,0.13827655310621242,"I think that was just a voice by the way, so now, or why do you ask?","I think that was just a voice by the way, so now, or why do you ask?","So I think that was just a voice by the way that's missing now, so now, or how do you ask?","So, I think it was just a voice that's missing now, so now, or how do you ask?"
1970,Aber Transzendenz gefasst machen.,But transcendence brace for.,D:\BridgeDEUX\analysis\mobile_benchmark_audio_100\mslt\MSLT_Test_DE_1970.T0.de.wav,Aber Transzentenz. Gefrast machen.,1467.0771000000968,0.25819344524380494,0.13827655310621242,But capture transcendence.,But capture transcendence.,But transcentence.,But transcentence.
2100,Noch eine ganz wichtige Frage.,Another really important question.,D:\BridgeDEUX\analysis\mobile_benchmark_audio_100\mslt\MSLT_Test_DE_2100.T0.de.wav,"Ach, noch eine ganz wichtige Frage.",1167.4844000008306,0.25819344524380494,0.13827655310621242,Another very important question.,Another very important question.,"Oh, another very important question.","Oh, one more very important question."
2124,Einer,One,D:\BridgeDEUX\analysis\mobile_benchmark_audio_100\mslt\MSLT_Test_DE_2124.T0.de.wav,Hanna!,1224.0953000000445,0.25819344524380494,0.13827655310621242,One,One,Hanna!,Hanna!
2151,"Ja, stimmt.
Aber möchtest du mich nicht jetzt mal Fragen stellen?","Yes, that's right.
But don't you want to start asking me questions?",D:\BridgeDEUX\analysis\mobile_benchmark_audio_100\mslt\MSLT_Test_DE_2151.T0.de.wav,Herstimmt. Aber möchtest du mich nicht jetzt mal Fragen stellen?,1243.136000000959,0.25819344524380494,0.13827655310621242,"Yeah, right, but don't you want to ask me questions now?","Yeah, right, but don't you want to ask me questions now?",But don't you want to ask me questions now?,But don't you want to ask me questions now?
2171,"Ja viele Leute haben Angst, deshalb ist es","Yeah, a lot of people are scared, that's why it's",D:\BridgeDEUX\analysis\mobile_benchmark_audio_100\mslt\MSLT_Test_DE_2171.T0.de.wav,"Ja, viele Leute haben Angst, deshalb ist es.",1183.1363999990572,0.25819344524380494,0.13827655310621242,"Yes many people are afraid, so it is","Yeah, a lot of people are scared, so it's","Yeah, a lot of people are scared, that's why it is.","Yeah, a lot of people are scared, that's why it is."
2273,Und,And,D:\BridgeDEUX\analysis\mobile_benchmark_audio_100\mslt\MSLT_Test_DE_2273.T0.de.wav,Und...,1211.6475000002538,0.25819344524380494,0.13827655310621242,And,And,And...,And...
