sample_id,gold_german_source,gold_english_reference,audio_path,w1_hypothesis,w1_inference_time_ms,w1_asr_wer,w1_asr_cer,clean_fp32_translation,clean_int8_translation,w1_asr_fp32_translation,w1_asr_int8_translation,chrf_clean_f,chrf_clean_i,chrf_w1_asr_f,chrf_w1_asr_i,delta_clean,delta_w1_asr,did_w1,comet_clean_f,comet_clean_i,comet_w1_asr_f_e2e,comet_w1_asr_i_e2e,comet_w1_asr_f_mt,comet_w1_asr_i_mt,comet_delta_clean,comet_delta_w1_asr,comet_did_w1
common_voice_de_17325303,Insbesondere keine Topflappen.,Especially no potholders.,D:\BridgeDEUX\analysis\mobile_benchmark_audio_100\covost2\common_voice_de_17325303.wav,In das Besondere keine topflaffen.,3471.7477000012877,1.3333333333333333,0.20689655172413793,Especially no potholders.,Especially no potholders.,In the special no topflaffen.,In the special no topflaffen.,100.0,100.0,28.55227607574362,28.55227607574362,0.0,0.0,0.0,1.2607932090759277,1.2607932090759277,-1.4329423904418945,-1.4329423904418945,-1.5781078338623047,-1.5781078338623047,0.0,0.0,0.0
common_voice_de_17328166,Wäre das eine geeignete Kodierung oder eher nicht?,Would this be a suitable coding or not?,D:\BridgeDEUX\analysis\mobile_benchmark_audio_100\covost2\common_voice_de_17328166.wav,"Ja, das ist eine geeignete Kovierung der ehennicht.",3066.5560999987065,0.75,0.24489795918367346,Would that be an appropriate coding or rather not?,Would that be an appropriate coding or rather not?,"Yes, that's a suitable copying of the marriages not.","Yeah, that's a proper coking of the marriages.",45.8108283568204,45.8108283568204,33.844010534397775,11.993646700595296,0.0,-21.85036383380248,-21.85036383380248,0.7972486019134521,0.7972486019134521,-1.2881853580474854,-1.4500916004180908,-1.3533471822738647,-1.5077872276306152,0.0,-0.16190624237060547,-0.16190624237060547
common_voice_de_17334370,Haben wir noch genügend Rohstoffe?,Do we still have enough resources?,D:\BridgeDEUX\analysis\mobile_benchmark_audio_100\covost2\common_voice_de_17334370.wav,Haben wir noch genügend Rohstoffe,2622.7245000045514,0.0,0.0,Do we still have enough raw materials?,Do we still have enough raw materials?,We still have enough raw materials,We still have enough raw materials,68.936550154663,68.936550154663,52.479935310840744,52.479935310840744,0.0,0.0,0.0,0.7613464593887329,0.7613464593887329,0.2819056510925293,0.2819056510925293,0.31938403844833374,0.31938403844833374,0.0,0.0,0.0
common_voice_de_17385186,"Leonie und Paul streiten sich darum, wer als erstes auf das Schaukelpferd darf.",Leonie and Paul argue about who gets to go on the rocking horse first.,D:\BridgeDEUX\analysis\mobile_benchmark_audio_100\covost2\common_voice_de_17385186.wav,"Leonie und Paul streiten sich darum, wer als erstes auf der Schaukentät darf.",4034.9657999977353,0.15384615384615385,0.1038961038961039,Leonie and Paul argue about who gets to be the first one on the rocking horse.,Leonie and Paul are arguing about who can be the first on the rocking horse.,Leonie and Paul argue about who is the first to be allowed to play at the Schaukentät.,Leonie and Paul are arguing about who can be the first one at the Schaukentät.,84.06776111864497,66.02541768003428,52.5092072883209,46.1178472507008,-18.042343438610686,-6.391360037620103,11.650983400990583,0.7629798650741577,0.7322128415107727,-0.7991475462913513,-0.9365329146385193,-0.79978346824646,-0.8514015078544617,-0.03076702356338501,-0.13738536834716797,-0.10661834478378296
common_voice_de_17448293,"In Kontakt mit anderen Menschen zu bleiben, senkt das Risiko, an Demenz zu erkranken.",Staying in contact with other people reduces the risk of developing dementia.,D:\BridgeDEUX\analysis\mobile_benchmark_audio_100\covost2\common_voice_de_17448293.wav,In Kontakt mit anderen Menschen zu bleiben sinkt das Risiko an Demenz zu erkranken.,3250.3126000010525,0.07142857142857142,0.012195121951219513,Staying in contact with other people reduces the risk of developing dementia.,Staying in contact with other people reduces the risk of developing dementia.,Staying in contact with other people reduces the risk of dementia.,Staying in contact with other people reduces the risk of dementia.,100.0,100.0,86.31013332761735,86.31013332761735,0.0,0.0,0.0,1.0474164485931396,1.0474164485931396,0.9669542908668518,0.9669542908668518,0.9594773054122925,0.9594773054122925,0.0,0.0,0.0
common_voice_de_17505848,"Es ist bedauerlich, wie viele Kinder beim Laternenumzug nur noch LED-Laternen tragen dürfen.",It is regrettable how many children are allowed to only carry LED lanterns during the lantern walk,D:\BridgeDEUX\analysis\mobile_benchmark_audio_100\covost2\common_voice_de_17505848.wav,"Es ist bedauertig, wie viele Kinder beim Lattern umzug nur noch LED-Lattern tragen dürfen.",4418.461199995363,0.3076923076923077,0.10112359550561797,It is unfortunate how many children are allowed to wear only LED lanterns during the lantern move.,It is regrettable how many children are allowed to wear only LED lanterns during the lantern move.,It is regrettable how many children are allowed to wear only LED latters when moving.,It is regrettable how many children are allowed to wear only LED flaps when moving the latter.,70.42476661823231,83.45139235917031,61.24617950419749,63.34173114163574,13.026625740938002,2.0955516374382483,-10.931074103499753,0.7527487874031067,0.8023668527603149,0.09375789016485214,0.16021645069122314,0.04207573086023331,0.12790782749652863,0.04961806535720825,0.066458560526371,0.01684049516916275
common_voice_de_17526181,Noch im Bademantel schlurfte er zum Kühlschrank und griff sich einen Jogurt.,"Still dressed in his bathrobe, he shuffled over to the fridge and grabbed a yogurt.",D:\BridgeDEUX\analysis\mobile_benchmark_audio_100\covost2\common_voice_de_17526181.wav,Noch im Bademantelschlurft er er zum Kühlschrank und gröph sich einen Yogurt.,3984.8984999989625,0.3333333333333333,0.09333333333333334,"Still in his bathrobe, he slurped to the fridge and grabbed a yogurt.",Still in the bathrobe he slurped to the fridge and grabbed a yogurt.,"Still in the bathrobe, he slurps to the fridge and grabs a yoghurt.","Still in the bathrobe, he slurps to the fridge and grabs a yoghurt.",71.26857939553074,58.407600458413015,50.651281765525184,50.651281765525184,-12.860978937117721,0.0,12.860978937117721,0.6437933444976807,0.5302076935768127,0.5256591439247131,0.5256591439247131,0.4774876832962036,0.4774876832962036,-0.11358565092086792,0.0,0.11358565092086792
common_voice_de_17586393,Die Uhr geht falsch.,The clock is showing the wrong time.,D:\BridgeDEUX\analysis\mobile_benchmark_audio_100\covost2\common_voice_de_17586393.wav,Die Uhr geht falsch.,1553.3763999992516,0.0,0.0,The clock's wrong.,The clock's wrong.,The clock's wrong.,The clock's wrong.,29.821325534408583,29.821325534408583,29.821325534408583,29.821325534408583,0.0,0.0,0.0,-0.43217647075653076,-0.43217647075653076,-0.4321766495704651,-0.4321766495704651,-0.43217647075653076,-0.43217647075653076,0.0,0.0,0.0
common_voice_de_17655021,Die Stadt Aachen verteilt bereits vorsorglich Jodtabletten.,The city of Aachen already distributes preventative iodine tablets.,D:\BridgeDEUX\analysis\mobile_benchmark_audio_100\covost2\common_voice_de_17655021.wav,Die Stadt Aachen verteilt bereits vorsorglich Jotapletten.,2917.0811000003596,0.14285714285714285,0.034482758620689655,The city of Aachen already distributes precautionously iodine tablets.,The city of Aachen already distributes precautionarily iodine tablets.,The city of Aachen already distributes precautionously jotaplets.,The city of Aachen already distributes precautionous jotaplets.,81.05667089441168,81.05667089441168,66.0475638080124,66.39396351386264,0.0,0.3463997058502457,0.3463997058502457,0.82840496301651,0.9053487181663513,-0.6925693154335022,-0.6127856373786926,-0.69087815284729,-0.6153515577316284,0.07694375514984131,0.07978367805480957,0.0028399229049682617
common_voice_de_17762173,Haben wir noch Nudeln?,Do we still have noodles?,D:\BridgeDEUX\analysis\mobile_benchmark_audio_100\covost2\common_voice_de_17762173.wav,Haben wir noch nur den?,1719.868400003179,0.5,0.14285714285714285,Do we still have noodles?,Do we still have noodles?,All we got left is this?,All we got left is that one?,100.0,100.0,15.77795129370894,17.08271983002561,0.0,1.3047685363166703,1.3047685363166703,1.18973708152771,1.18973708152771,-1.1979150772094727,-1.2394819259643555,-1.2144479751586914,-1.2650641202926636,0.0,-0.04156684875488281,-0.04156684875488281
common_voice_de_17812774,Die Sache hat allerdings einen Haken.,The matter has a catch though.,D:\BridgeDEUX\analysis\mobile_benchmark_audio_100\covost2\common_voice_de_17812774.wav,Sacher oder nicht so eine Ahnung?,1952.2345000004862,1.0,0.6666666666666666,"The thing has a catch, though.","The thing has a catch, though.",Sacher or no such idea?,Sacher or no such idea?,56.09557573403865,56.09557573403865,8.495541670265961,8.495541670265961,0.0,0.0,0.0,0.9971954226493835,0.9971954226493835,-1.453183889389038,-1.4531840085983276,-1.6047097444534302,-1.6047099828720093,0.0,-1.1920928955078125e-07,-1.1920928955078125e-07
common_voice_de_17815886,"Du benutzt ständig irgendwelche Redewendungen, die ich nicht kenne.",You’re always using some idioms I don't know all the time.,D:\BridgeDEUX\analysis\mobile_benchmark_audio_100\covost2\common_voice_de_17815886.wav,Du benutzt ständig irgendwelche Redebeinungen die ich nicht kenne.,3044.0740999983973,0.1111111111111111,0.046153846153846156,You're always using any phrases I don't know.,You're always using any phrases I don't know.,You're always using any speech that I don't know.,You're always using some kind of speech that I don't know.,45.77948722170439,45.77948722170439,44.49021446302011,52.65567325770451,0.0,8.165458794684398,8.165458794684398,0.6073141098022461,0.6073141098022461,0.16478116810321808,0.3883901834487915,0.13687169551849365,0.36370185017585754,0.0,0.22360901534557343,0.22360901534557343
common_voice_de_17818036,In den Umkleiden gibt es Spinde.,There are lockers in the changing rooms.,D:\BridgeDEUX\analysis\mobile_benchmark_audio_100\covost2\common_voice_de_17818036.wav,In den Umkleiden gibt es Spinde.,2165.577100000519,0.0,0.0,There are lockers in the lockers.,There are lockers in the lockers.,There are lockers in the lockers.,There are lockers in the lockers.,62.49202269525578,62.49202269525578,62.49202269525578,62.49202269525578,0.0,0.0,0.0,-0.8977904915809631,-0.8977904915809631,-0.8977904915809631,-0.8977910876274109,-0.8977904915809631,-0.8977910876274109,0.0,-5.960464477539062e-07,-5.960464477539062e-07
common_voice_de_17826889,Der Uranus ist der siebente Planet in unserem Sonnensystem.,Uranus is the seventh planet in our solar system.,D:\BridgeDEUX\analysis\mobile_benchmark_audio_100\covost2\common_voice_de_17826889.wav,Der Uranus ist der siebende Planet an unserem Sonnensystem.,2789.7636000052444,0.2222222222222222,0.034482758620689655,Uranus is the seventh planet in our solar system.,Uranus is the seventh planet in our solar system.,Uranus is the seventh planet in our solar system.,The Uranus is the seventh planet in our solar system.,100.0,100.0,100.0,98.33225032114359,0.0,-1.66774967885641,-1.66774967885641,1.1759169101715088,1.1759169101715088,1.1759169101715088,1.0905985832214355,1.1742480993270874,1.0908766984939575,0.0,-0.08531832695007324,-0.08531832695007324
common_voice_de_17834515,Mir ist der Appetit vergangen.,I’ve lost my appetite.,D:\BridgeDEUX\analysis\mobile_benchmark_audio_100\covost2\common_voice_de_17834515.wav,Mir ist da Petitvergangen.,1957.7086999997846,0.6,0.1724137931034483,I've lost my appetite.,I've lost my appetite.,I'm past Petit.,I'm past Petit.,85.84274718659393,85.84274718659393,15.741480727613327,15.741480727613327,0.0,0.0,0.0,1.1433031558990479,1.1433031558990479,-1.4877041578292847,-1.4877041578292847,-1.554886817932129,-1.554886817932129,0.0,0.0,0.0
common_voice_de_17886464,Weshalb möchtest du nach Bergheim?,Why do you want to go to Bergheim?,D:\BridgeDEUX\analysis\mobile_benchmark_audio_100\covost2\common_voice_de_17886464.wav,Weshalb möchtest du nach Bergheim?,2145.526400003291,0.0,0.0,Why do you want to go to Bergheim?,Why do you want to go to Bergheim?,Why do you want to go to Bergheim?,Why do you want to go to Bergheim?,100.0,100.0,100.0,100.0,0.0,0.0,0.0,1.2158122062683105,1.2158122062683105,1.2158122062683105,1.2158119678497314,1.2158122062683105,1.2158119678497314,0.0,-2.384185791015625e-07,-2.384185791015625e-07
common_voice_de_17922420,Zieht euch bitte draußen die Schuhe aus.,Please take your shoes off outside.,D:\BridgeDEUX\analysis\mobile_benchmark_audio_100\covost2\common_voice_de_17922420.wav,Sieht euch bitte draußen die Schuhe aus.,2199.8763000010513,0.14285714285714285,0.02564102564102564,Please take off your shoes outside.,Please take off your shoes outside.,"Look at the shoes outside, please.","Looks like your shoes outside, please.",76.14439216594388,76.14439216594388,36.252809293406344,53.15978250868505,0.0,16.906973215278704,16.906973215278704,0.9496761560440063,0.9496761560440063,-0.6202958822250366,-1.175365686416626,-0.5092156529426575,-1.1792265176773071,0.0,-0.5550698041915894,-0.5550698041915894
common_voice_de_17929041,Macht euch nur darüber lustig.,Keep making fun if it.,D:\BridgeDEUX\analysis\mobile_benchmark_audio_100\covost2\common_voice_de_17929041.wav,"Macht euch nur, darüber lustig.",1898.1626000022516,0.0,0.0,Just make fun of it.,Just make fun of it.,Make fun of it.,Make fun of it.,25.90862556630303,25.90862556630303,24.74008090489761,24.74008090489761,0.0,0.0,0.0,0.6356682181358337,0.6356682181358337,0.6946007609367371,0.6946007609367371,0.6356068253517151,0.6356068253517151,0.0,0.0,0.0
common_voice_de_17929222,"Die junge Polizistin machte den Eindruck, als müsste sie sich vor ihren älteren Kollegen erst noch beweisen.",The young policewoman gave the impression that she still had to prove herself to her older colleagues.,D:\BridgeDEUX\analysis\mobile_benchmark_audio_100\covost2\common_voice_de_17929222.wav,Die junge Polizistin Nashter den Eindruck als müsste sie sich vor ihrem älteren Kollegen erst noch verweisen.,4079.4161000012537,0.17647058823529413,0.05660377358490566,The young policewoman seemed to have to prove herself in front of her older colleagues.,The young policewoman seemed to have to prove herself in front of her older colleagues.,The young policewoman Nashter the impression as if she had to make a point in front of her older colleague.,The young policewoman Nashter the impression as if she had to turn her back in front of her older colleague.,59.096307330066224,59.096307330066224,54.699109331743635,54.739206723214394,0.0,0.04009739147075919,0.04009739147075919,0.72955322265625,0.72955322265625,-0.1582920253276825,-0.508690357208252,-0.1421460509300232,-0.5075895190238953,0.0,-0.35039833188056946,-0.35039833188056946
common_voice_de_17943895,Das Publikum fordert lautstark eine Zugabe.,The audience loudly demands an encore.,D:\BridgeDEUX\analysis\mobile_benchmark_audio_100\covost2\common_voice_de_17943895.wav,Das Publikum vor der Lautstärke nicht sogar,2128.719499996805,0.8333333333333334,0.30952380952380953,The audience loudly demands an encore.,The audience loudly demands an encore.,The audience in front of the volume not even,The audience in front of the volume not even,100.0,100.0,30.53530287411914,30.53530287411914,0.0,0.0,0.0,1.073674201965332,1.073674201965332,-1.2676758766174316,-1.2676758766174316,-1.2741796970367432,-1.2741796970367432,0.0,0.0,0.0
common_voice_de_18016742,Konstantinopel war die Hauptstadt des Byzantinischen Reichs.,Constantinople was the capital of the Byzantine Empire.,D:\BridgeDEUX\analysis\mobile_benchmark_audio_100\covost2\common_voice_de_18016742.wav,Und spendinopel war die Hauptstände des Byzantinischen Reichs.,2910.1434999975027,0.42857142857142855,0.1694915254237288,Constantinople was the capital of the Byzantine Empire.,Constantinople was the capital of the Byzantine Empire.,And spendinopel was the main stand of the Byzantine Empire.,And spendinopel was the main stand of the Byzantine Empire.,100.0,100.0,60.512624848717955,60.512624848717955,0.0,0.0,0.0,1.2020885944366455,1.2020885944366455,-0.2014116644859314,-0.2014116644859314,-0.13317765295505524,-0.13317765295505524,0.0,0.0,0.0
common_voice_de_18139045,"Anna, weißt du wo Charlotte ist?","Anna, do you know where Charlotte is?",D:\BridgeDEUX\analysis\mobile_benchmark_audio_100\covost2\common_voice_de_18139045.wav,"Anna, weißt du, wo Schallotte ist?",2094.324999998207,0.16666666666666666,0.06666666666666667,"Anna, do you know where Charlotte is?","Anna, do you know where Charlotte is?","Anna, do you know where Schallotte is?","Anna, do you know where the son of a bitch is?",100.0,100.0,78.86594342376685,65.42729223506637,0.0,-13.438651188700476,-13.438651188700476,1.2131147384643555,1.2131147384643555,0.8889413475990295,-0.5587244033813477,0.8928205370903015,-0.6005721688270569,0.0,-1.4476657509803772,-1.4476657509803772
common_voice_de_18159749,Herr Rahn hat gekräuseltes Haar.,Mr. Rahn has curly/kinky hair.,D:\BridgeDEUX\analysis\mobile_benchmark_audio_100\covost2\common_voice_de_18159749.wav,Herran hat gegrößeltes Haar,2074.2628000007244,0.6,0.22580645161290322,Mr. Rahn's got her hair curled.,Mr. Rahn's got curled hair.,Herran has magnified hair,Herran has magnified hair,34.47861805257326,39.166997069401724,16.79570803575865,16.79570803575865,4.688379016828463,0.0,-4.688379016828463,-0.03912976756691933,0.7139849662780762,-0.8459118604660034,-0.8459115028381348,-0.8133121728897095,-0.8133121728897095,0.7531147338449955,3.5762786865234375e-07,-0.7531143762171268
common_voice_de_18197872,Hast du dein Ticket nach Görlitz schon gebucht?,Have you booked your ticket to Görlitz already?,D:\BridgeDEUX\analysis\mobile_benchmark_audio_100\covost2\common_voice_de_18197872.wav,Hast du dein dickhead nach Gürlitz schon gebucht?,2405.245100002503,0.25,0.10869565217391304,Have you booked your ticket to Görlitz yet?,Have you booked your ticket to Görlitz yet?,Have you booked your dickhead to Gürlitz yet?,Have you booked your dickhead to Gürlitz yet?,81.72686218044599,81.72686218044599,54.51375683532553,54.51375683532553,0.0,0.0,0.0,0.9196902513504028,0.9196902513504028,-0.8553739786148071,-0.8553739786148071,-0.91044682264328,-0.91044682264328,0.0,0.0,0.0
common_voice_de_18201555,Keine Ahnung.,No clue.,D:\BridgeDEUX\analysis\mobile_benchmark_audio_100\covost2\common_voice_de_18201555.wav,Keine Ahnung.,1481.51429999416,0.0,0.0,I don't know.,I don't know.,I don't know.,I don't know.,7.120618081180813,7.120618081180813,7.120618081180813,7.120618081180813,0.0,0.0,0.0,0.5194559097290039,0.5194559097290039,0.5194559097290039,0.5194559097290039,0.5194559097290039,0.5194559097290039,0.0,0.0,0.0
common_voice_de_18202644,Wie lange ist der letzte Ölwechsel her?,When did you last change the oil?,D:\BridgeDEUX\analysis\mobile_benchmark_audio_100\covost2\common_voice_de_18202644.wav,Wie lange ist der letzte Ölwechsel her?,2059.759899995697,0.0,0.0,How long has the last oil change been?,How long has the last oil change been?,How long has the last oil change been?,How long has the last oil change been?,30.61949550679856,30.61949550679856,30.61949550679856,30.61949550679856,0.0,0.0,0.0,0.2070869505405426,0.2070869505405426,0.2070869505405426,0.2070867270231247,0.2070869505405426,0.2070867270231247,0.0,-2.2351741790771484e-07,-2.2351741790771484e-07
common_voice_de_18204372,"Das Internet besteht aus vielen Computern, die miteinander verbunden sind.",The Internet consists of many computers which are connected to each other.,D:\BridgeDEUX\analysis\mobile_benchmark_audio_100\covost2\common_voice_de_18204372.wav,"Das Internet besteht aus vielen Computern, die miteinander verwunden sind.",2437.4467999950866,0.1,0.013888888888888888,The Internet consists of many computers connected to each other.,The Internet consists of many computers connected to each other.,The Internet consists of many computers that are wound together.,The Internet consists of many computers that are wound together.,84.20825297583269,84.20825297583269,60.63232970600501,60.63232970600501,0.0,0.0,0.0,0.9480491876602173,0.9480491876602173,0.7323585152626038,0.7323585152626038,0.7080346345901489,0.7080346345901489,0.0,0.0,0.0
common_voice_de_18205461,"Meine Lieblingsfarbe ist schwarz, sagte Lola.","My favorite color is black, said Lola.",D:\BridgeDEUX\analysis\mobile_benchmark_audio_100\covost2\common_voice_de_18205461.wav,Bei der Lieblingsfarbe ist Schwanzaktel Ola.,2479.4380999956047,0.8333333333333334,0.23255813953488372,"My favorite color is black, said Lola.","My favorite color is black, said Lola.",With the favorite color is tail batter Ola.,With the favorite color is tail batter Ola.,100.0,100.0,44.133354590097504,44.133354590097504,0.0,0.0,0.0,1.2225332260131836,1.2225332260131836,-1.157387137413025,-1.157387137413025,-1.171154499053955,-1.171154499053955,0.0,0.0,0.0
common_voice_de_18205535,Dieser Anblick zog zahlreiche Neugierige an.,This sight attracted many curious individuals.,D:\BridgeDEUX\analysis\mobile_benchmark_audio_100\covost2\common_voice_de_18205535.wav,Diese Anblick zog zahlreiche neugierige an.,2685.3652999998303,0.16666666666666666,0.023255813953488372,This sight attracted many curious ones.,This sight attracted many curious ones.,This sight attracted many curious ones.,This sight attracted many curious ones.,73.92813866414623,73.92813866414623,73.92813866414623,73.92813866414623,0.0,0.0,0.0,0.9593932628631592,0.9593932628631592,0.9593932628631592,0.9593932628631592,0.9604278206825256,0.9604278206825256,0.0,0.0,0.0
common_voice_de_18207208,Da wird Rebecca sich aber freuen!,But Rebecca will be happy!,D:\BridgeDEUX\analysis\mobile_benchmark_audio_100\covost2\common_voice_de_18207208.wav,Da wird sich Pekastisch aber freuen.,2093.242900002224,0.3333333333333333,0.34375,Rebecca will be happy!,Rebecca will be happy!,Pecastic will be happy.,Pekastic will be happy.,86.59621488742657,86.59621488742657,48.833279749001065,47.04071511211103,0.0,-1.7925646368900345,-1.7925646368900345,0.942388117313385,0.942388117313385,-0.5969722867012024,-0.5770980715751648,-0.5632492303848267,-0.6240088939666748,0.0,0.019874215126037598,0.019874215126037598
common_voice_de_18207647,Sie muss Folge leisten.,She has to accomplish.,D:\BridgeDEUX\analysis\mobile_benchmark_audio_100\covost2\common_voice_de_18207647.wav,Sie muss vorgelegst uns.,1923.4971999976551,0.5,0.3181818181818182,She's got to follow.,She's got to follow.,She's got to come up with us.,She's got to come up with us.,13.938477829589905,13.938477829589905,18.07871961051508,18.07871961051508,0.0,0.0,0.0,-0.8186894655227661,-0.8186894655227661,-1.2338364124298096,-1.2338364124298096,-1.229750156402588,-1.229750156402588,0.0,0.0,0.0
common_voice_de_18208631,Die Reaktion von weißem Phosphor mit Sauerstoff ist stark exotherm.,The reaction between white phosphorous and oxygen is powerfully exothermic.,D:\BridgeDEUX\analysis\mobile_benchmark_audio_100\covost2\common_voice_de_18208631.wav,Die Reaktion von weißem Fossform mit Sauerstoff ist stark exotern.,2946.313000000373,0.2,0.10606060606060606,The reaction of white phosphorus with oxygen is strongly exothermic.,The reaction of white phosphorus with oxygen is strongly exothermic.,The reaction of white fossform with oxygen is strongly external.,The reaction of white fossform with oxygen is strongly external.,55.93342189654044,55.93342189654044,37.077249168315355,37.077249168315355,0.0,0.0,0.0,0.987799346446991,0.987799346446991,-0.11742516607046127,-0.11742516607046127,-0.09651901572942734,-0.09651901572942734,0.0,0.0,0.0
common_voice_de_18209536,Ein Wal ist gestrandet.,A whale stranded.,D:\BridgeDEUX\analysis\mobile_benchmark_audio_100\covost2\common_voice_de_18209536.wav,Ein Wahl ist gestrandet.,1755.6956999978865,0.25,0.045454545454545456,A whale is stranded.,A whale is stranded.,A choice is stranded.,A choice is stranded.,76.22994402220849,76.22994402220849,51.7993557706398,51.7993557706398,0.0,0.0,0.0,1.077612042427063,1.077612042427063,-1.146364688873291,-1.146364688873291,-1.032238245010376,-1.032238245010376,0.0,0.0,0.0
common_voice_de_18210861,Wie ist die derzeitige Verkehrssituation?,How is the current traffic situation?,D:\BridgeDEUX\analysis\mobile_benchmark_audio_100\covost2\common_voice_de_18210861.wav,Wie ist die derzeitige Verkehrssituation?,2077.6584000050207,0.0,0.0,What is the current traffic situation?,What is the current traffic situation?,What is the current traffic situation?,What is the current traffic situation?,88.02622600406582,88.02622600406582,88.02622600406582,88.02622600406582,0.0,0.0,0.0,0.8747968673706055,0.8747968673706055,0.8747969269752502,0.8747969269752502,0.8747969269752502,0.8747969269752502,0.0,0.0,0.0
common_voice_de_18213814,"Abflussrohre sollte man verschließen, damit der Geruch der Kanalisation nicht in die Wohnung steigt.","The drain should be shut, so that the smell from the sewer system does not enter the apartment.",D:\BridgeDEUX\analysis\mobile_benchmark_audio_100\covost2\common_voice_de_18213814.wav,"Abflussrohre sollte man verschließen, damit der Geruch der Kanalisation nicht in die Wohnung steigt.",3565.4209999993327,0.0,0.0,Drain pipes should be closed so that the smell of the sewers does not rise into the apartment.,Drain pipes should be closed so that the smell of the sewerage does not rise into the apartment.,Drain pipes should be closed so that the smell of the sewers does not rise into the apartment.,Drain pipes should be closed so that the smell of the sewers does not rise into the apartment.,54.28910560045419,53.40079854491865,54.28910560045419,54.28910560045419,-0.8883070555355417,0.0,0.8883070555355417,0.7157449126243591,0.7510088086128235,0.7157447934150696,0.7157447934150696,0.7157447934150696,0.7157447934150696,0.035263895988464355,0.0,-0.035263895988464355
common_voice_de_18216712,Hilf mir mal.,Help me.,D:\BridgeDEUX\analysis\mobile_benchmark_audio_100\covost2\common_voice_de_18216712.wav,Hilf mir mal.,1470.9746999942581,0.0,0.0,Help me.,Help me.,Help me.,Help me.,100.0,100.0,100.0,100.0,0.0,0.0,0.0,1.2414472103118896,1.2414472103118896,1.2414472103118896,1.2414472103118896,1.2414472103118896,1.2414472103118896,0.0,0.0,0.0
common_voice_de_18218470,"Doch wie sich gerade zeigt, ist das Thema aktueller denn je.","But as it shows right now, the topic is more current than ever.",D:\BridgeDEUX\analysis\mobile_benchmark_audio_100\covost2\common_voice_de_18218470.wav,Doch wie sich gerade Zeit ist das Thema aktueller denn je.,2158.498299999337,0.09090909090909091,0.017241379310344827,"But, as it just shows, the topic is more topical than ever.","But as it just shows, the topic is more topical than ever.",But the topic is more topical than ever before.,"But as time is now, the topic is more topical than ever.",56.524991986445784,60.748944773202176,43.172348810158205,57.155940109021145,4.223952786756392,13.98359129886294,9.759638512106548,0.7804528474807739,0.7757064700126648,0.3962153196334839,0.7671787738800049,0.3330651521682739,0.7494136095046997,-0.004746377468109131,0.370963454246521,0.3757098317146301
common_voice_de_18226103,Ich hätte Sie nicht bestehen lassen.,I would have not let you pass.,D:\BridgeDEUX\analysis\mobile_benchmark_audio_100\covost2\common_voice_de_18226103.wav,Ich hätte sie nicht bestehen lassen.,1844.5512000034796,0.0,0.0,I wouldn't have let you pass.,I wouldn't have let you pass.,I wouldn't have let her pass.,I wouldn't have let her pass.,62.8237722698783,62.8237722698783,39.684568719885796,39.684568719885796,0.0,0.0,0.0,0.8872197866439819,0.8872197866439819,0.36980560421943665,0.3698052763938904,0.3740975856781006,0.3740972876548767,0.0,-3.2782554626464844e-07,-3.2782554626464844e-07
common_voice_de_18226509,Der Strahl wird in kleinste Partikel zerstäubt.,The beam is atomized into smallest particles.,D:\BridgeDEUX\analysis\mobile_benchmark_audio_100\covost2\common_voice_de_18226509.wav,Das Strahl wird den kleinste Partikel zerstört.,2437.708500001463,0.42857142857142855,0.15217391304347827,The beam is atomized into the smallest particles.,The beam is atomized into smallest particles.,The beam destroys the smallest particle.,The beam is destroyed by the smallest particle.,91.17857351869458,100.0,48.76051838294446,54.6289739026553,8.821426481305423,5.868455519710835,-2.9529709615945876,1.0731186866760254,1.1355400085449219,-0.1199406161904335,0.09780049324035645,0.025731133297085762,0.11312120407819748,0.062421321868896484,0.21774110943078995,0.15531978756189346
common_voice_de_18226602,Ach du Schreck!,Oh my gosh!,D:\BridgeDEUX\analysis\mobile_benchmark_audio_100\covost2\common_voice_de_18226602.wav,Ach du schreck!,1429.1377000045031,0.0,0.0,"Oh, my God!","Oh, my God!","Oh, you scared!","Oh, you scared!",20.429238505747126,20.429238505747126,15.04168773437829,15.04168773437829,0.0,0.0,0.0,0.8916381001472473,0.8916381001472473,-1.2235450744628906,-1.2235450744628906,-1.2203874588012695,-1.2203874588012695,0.0,0.0,0.0
common_voice_de_18280125,Der Datenschutz ist gewährleistet.,The data protection is guaranteed.,D:\BridgeDEUX\analysis\mobile_benchmark_audio_100\covost2\common_voice_de_18280125.wav,Der Datenschutz ist gewährleistet.,1926.4222999991034,0.0,0.0,Data protection is guaranteed.,Data protection is guaranteed.,Data protection is guaranteed.,Data protection is guaranteed.,81.9309752341619,81.9309752341619,81.9309752341619,81.9309752341619,0.0,0.0,0.0,1.0557754039764404,1.0557754039764404,1.0557754039764404,1.0557754039764404,1.0557754039764404,1.0557754039764404,0.0,0.0,0.0
common_voice_de_18373650,"Die größten Städte Englands sind London, Birmingham und Manchester.","London, Birmingham and Manchester are the biggest cities in England.",D:\BridgeDEUX\analysis\mobile_benchmark_audio_100\covost2\common_voice_de_18373650.wav,"Die größten Städte England sind London, Birmingham und Manchester.",2627.475699999195,0.1111111111111111,0.015384615384615385,"The largest cities in England are London, Birmingham and Manchester.","The largest cities in England are London, Birmingham and Manchester.","The largest cities in England are London, Birmingham and Manchester.","The largest cities in England are London, Birmingham and Manchester.",77.69514610661486,77.69514610661486,77.69514610661486,77.69514610661486,0.0,0.0,0.0,0.9131649136543274,0.9131649136543274,0.9131649136543274,0.9131649136543274,0.914040207862854,0.914040207862854,0.0,0.0,0.0
common_voice_de_18436715,So viel Tiefgründigkeit traue ich denen nicht zu.,I don't trust them to be that deep.,D:\BridgeDEUX\analysis\mobile_benchmark_audio_100\covost2\common_voice_de_18436715.wav,So viel Giftgrundigkeit traue ich den nicht zu.,2284.747600002447,0.25,0.125,I don't trust them to be so profound.,I don't trust them to be so profound.,I don't trust that much poison.,I don't trust that much poison.,66.52817232754671,66.52817232754671,47.363575988474054,47.363575988474054,0.0,0.0,0.0,0.6981114745140076,0.6981114745140076,-0.9675473570823669,-0.9675473570823669,-0.854049026966095,-0.854049026966095,0.0,0.0,0.0
common_voice_de_18445748,Insgesamt ist der Sound etwas zu basslastig.,"Overall, the sound is a bit bass-heavy.",D:\BridgeDEUX\analysis\mobile_benchmark_audio_100\covost2\common_voice_de_18445748.wav,Insgesamt ist der Sound etwas zu basstlostig.,2235.2183000039076,0.14285714285714285,0.046511627906976744,"Overall, the sound is a bit too bassy.","Overall, the sound is a bit too bassy.","Overall, the sound is a bit too basslost.","All in all, the sound is a bit too bastlostig.",73.71447935474356,73.71447935474356,71.8465190886104,56.48030261343299,0.0,-15.366216475177417,-15.366216475177417,0.6385465264320374,0.6385465264320374,0.2510394752025604,-0.6074625253677368,0.24046051502227783,-0.6520304083824158,0.0,-0.8585020005702972,-0.8585020005702972
common_voice_de_18520278,"Was solls, ich bin bereit.","So what, I’m ready.",D:\BridgeDEUX\analysis\mobile_benchmark_audio_100\covost2\common_voice_de_18520278.wav,Was soll's? Ich bin bereit.,1731.8890999958967,0.0,0.0,"What the hell, I'm ready.","What the hell, I'm ready.",I'm ready.,I'm ready.,37.87608215697729,37.87608215697729,35.30680925300479,35.30680925300479,0.0,0.0,0.0,0.7784789204597473,0.7784789204597473,0.8805223703384399,0.8805223703384399,0.8613040447235107,0.8613040447235107,0.0,0.0,0.0
common_voice_de_18593971,"Ja gut, da kann man nichts machen!","Yeah well, there's nothing you can do!",D:\BridgeDEUX\analysis\mobile_benchmark_audio_100\covost2\common_voice_de_18593971.wav,"Ja gut, da kann man nichts machen.",1945.852400000149,0.0,0.0,"Yeah, well, there's nothing you can do!","Yeah, well, there's nothing you can do!","Yeah, well, there's nothing you can do.","Yeah, well, there's nothing you can do.",91.28561162896165,91.28561162896165,85.8669976992142,85.8669976992142,0.0,0.0,0.0,1.0253595113754272,1.0253595113754272,0.977973997592926,0.977973997592926,0.9908704161643982,0.9908704161643982,0.0,0.0,0.0
common_voice_de_18637308,Das kann man auch einfach mit einem scharfen Messer machen.,You can just do it with a sharp knife.,D:\BridgeDEUX\analysis\mobile_benchmark_audio_100\covost2\common_voice_de_18637308.wav,Das kann man auch einfach mit einem Schaffemesser machen.,2300.6501000054413,0.2,0.05172413793103448,You can do that with a sharp knife.,You can do that with a sharp knife.,This can also be done easily with a sheep knife.,This can also be done easily with a sheep knife.,68.4279237726683,68.4279237726683,36.663040893225414,36.663040893225414,0.0,0.0,0.0,0.9284540414810181,0.9284540414810181,0.10349177569150925,0.10349177569150925,0.09523990005254745,0.09523990005254745,0.0,0.0,0.0
common_voice_de_18781285,Das Attentat war stümperhaft geplant.,The assassination was planned poorly.,D:\BridgeDEUX\analysis\mobile_benchmark_audio_100\covost2\common_voice_de_18781285.wav,Das Akkentat war spümpferhaft geplant.,2647.057299996959,0.4,0.1111111111111111,The assassination was planned to happen.,The assassination was a filthy plan.,The act was spookyly planned.,The act of acclamation was sputteringly planned.,75.4228088694837,59.07202152371668,32.51276340811553,39.83223608101233,-16.350787345767024,7.319472672896801,23.670260018663825,0.4300456941127777,0.46293672919273376,-0.4435805082321167,-1.1304736137390137,-0.40677759051322937,-1.1577494144439697,0.032891035079956055,-0.686893105506897,-0.719784140586853
common_voice_de_18820064,Der Standesbeamte war ein komischer Vogel.,The registrar was a strange bird.,D:\BridgeDEUX\analysis\mobile_benchmark_audio_100\covost2\common_voice_de_18820064.wav,Der standesbeamte weinkommischer Vogel.,2303.5573000015575,0.5,0.12195121951219512,The registrar was a strange bird.,The registrar was a strange bird.,The civil servant of the wine-commanding bird.,The civil servant of the wine-commanding bird.,100.0,100.0,22.46894103340895,22.46894103340895,0.0,0.0,0.0,1.2091846466064453,1.2091846466064453,-1.4332019090652466,-1.4332019090652466,-1.4600648880004883,-1.4600648880004883,0.0,0.0,0.0
common_voice_de_18982556,Otto wollte sich nicht streiten und gab nach.,Otto didn’t want to fight and gave in.,D:\BridgeDEUX\analysis\mobile_benchmark_audio_100\covost2\common_voice_de_18982556.wav,Also wollte ich mich nicht streiten und gar nicht.,2131.8137000052957,0.625,0.25,Otto didn't want to fight and gave in.,Otto didn't want to fight and gave in.,So I didn't want to fight and not at all.,So I didn't want to fight and not at all.,85.97130403790581,85.97130403790581,50.22029747384082,50.22029747384082,0.0,0.0,0.0,1.0258839130401611,1.0258839130401611,-0.8655927777290344,-0.8655927777290344,-0.6914775967597961,-0.6914775967597961,0.0,0.0,0.0
common_voice_de_19059081,Unter der Plane wächst nichts.,Nothing will increase under these plans.,D:\BridgeDEUX\analysis\mobile_benchmark_audio_100\covost2\common_voice_de_19059081.wav,Unter der Blahne wächst nichts.,1919.5278999977745,0.2,0.06896551724137931,Nothing grows under the tarpaulin.,Nothing grows under the tarpaulin.,There's nothing growing under the flag.,There's nothing growing under the bellows.,33.776456122086934,33.776456122086934,29.53748833861943,30.146649611905318,0.0,0.6091612732858884,0.6091612732858884,-1.1407954692840576,-1.1407954692840576,-1.00485360622406,-0.8495985865592957,-1.083982229232788,-0.9409348368644714,0.0,0.1552550196647644,0.1552550196647644
common_voice_de_19096527,Ab jetzt noch achtundvierzig Stunden.,Still 48 hours from now.,D:\BridgeDEUX\analysis\mobile_benchmark_audio_100\covost2\common_voice_de_19096527.wav,Ab jetzt noch 48 Stunden.,1669.3156999972416,0.2,0.3888888888888889,"From now on, forty-eight hours.","From now on, forty-eight hours.","From now on, 48 hours.","From now on, 48 hours.",31.177469464807857,31.177469464807857,45.12518865013086,45.12518865013086,0.0,0.0,0.0,-0.5500389337539673,-0.5500389337539673,-0.005984501913189888,-0.005984114482998848,0.04274877905845642,0.04274877905845642,0.0,3.8743019104003906e-07,3.8743019104003906e-07
common_voice_de_19119155,"Vier Jahre später erlitt sein Vater einen Jagdunfall, der ihn arbeitsunfähig machte.",Four years later his father suffered an accident while hunting which made him unable to work.,D:\BridgeDEUX\analysis\mobile_benchmark_audio_100\covost2\common_voice_de_19119155.wav,Fähre später wird sein Vater in Jaktunfall den Arbeitsunfähig machte.,2986.844699997164,0.5833333333333334,0.25609756097560976,"Four years later, his father suffered a hunting accident that made him unable to work.","Four years later, his father suffered a hunting accident that made him unable to work.","Ferry later, his father will be unable to work in a jakt accident.","Ferries later, his father will be unable to work in a jakt accident.",72.3462422300201,72.3462422300201,37.20828405711584,38.08735068335827,0.0,0.8790666262424267,0.8790666262424267,0.8990581631660461,0.8990581631660461,-0.7360196113586426,-0.6020281910896301,-0.9084840416908264,-0.7618076801300049,0.0,0.13399142026901245,0.13399142026901245
common_voice_de_19119254,Er wurde Mitglied des Heilbronner Künstlerbundes und malte gemeinsam mit Wilhelm Schäffer.,He was a member of the Heilbronn artist association and painted together with Wilhelm Schäffer.,D:\BridgeDEUX\analysis\mobile_benchmark_audio_100\covost2\common_voice_de_19119254.wav,Er wurde Mitglied des Heilbrunner Künstlerbundes und malte gemeinsam mit welchen Schaffer.,3674.7611000027973,0.25,0.06741573033707865,He became a member of the Heilbronner Künstlerbund and painted together with Wilhelm Schäffer.,He became a member of the Heilbronner Künstlerbund and painted together with Wilhelm Schäffer.,He became a member of the Heilbrunner Künstlerbund and painted together with which conductors.,He became a member of the Heilbrunner Künstlerbund and painted together with which conductors.,70.1969112136735,70.1969112136735,51.165509806550425,51.165509806550425,0.0,0.0,0.0,0.7705458998680115,0.7705458998680115,-0.14366568624973297,-0.14366568624973297,-0.10081395506858826,-0.10081395506858826,0.0,0.0,0.0
common_voice_de_19120207,Die Pfarrkirche des Ortes war dem Heiligen Martin gewidmet.,The local parish church was dedicated to Saint Martin.,D:\BridgeDEUX\analysis\mobile_benchmark_audio_100\covost2\common_voice_de_19120207.wav,Die Parköche des Ortes war dem Heiligen Martin gewidmet.,2867.842900006508,0.1111111111111111,0.06896551724137931,The parish church of the village was dedicated to Saint Martin.,The parish church of the village was dedicated to Saint Martin.,The park was dedicated to Saint Martin.,The park was dedicated to Saint Martin.,76.4458525725752,76.4458525725752,62.954525515537476,62.954525515537476,0.0,0.0,0.0,0.8859068751335144,0.8859068751335144,0.22981014847755432,0.22981014847755432,0.1771644949913025,0.1771644949913025,0.0,0.0,0.0
common_voice_de_19121846,"Gorki gab dem angehenden Schriftsteller den Rat, sich mehr Lebenserfahrung zu verschaffen.",Gorki advised the budding writer to gain more life experience.,D:\BridgeDEUX\analysis\mobile_benchmark_audio_100\covost2\common_voice_de_19121846.wav,Gorki gab den angehenden Schriftsteller den Rat sich mehr Lebensverfahren zu verschaffen,3309.1178000031505,0.16666666666666666,0.045454545454545456,Gorki advised the prospective writer to gain more life experience.,Gorki advised the prospective writer to gain more life experience.,Gorki advised the prospective writer to get more life procedures,Gorki advised the future writer to get more life processes,81.45268246399117,81.45268246399117,51.93895792808235,52.113639238920925,0.0,0.1746813108385723,0.1746813108385723,0.9422536492347717,0.9422536492347717,0.320744127035141,0.262142151594162,0.3377927243709564,0.27150025963783264,0.0,-0.058601975440979004,-0.058601975440979004
common_voice_de_19121902,Aus dieser Ehe stammt die Schauspielerin und Sängerin Laura Schneiderhan.,Actress and singer Laura Schneiderhan comes from this marriage.,D:\BridgeDEUX\analysis\mobile_benchmark_audio_100\covost2\common_voice_de_19121902.wav,Da waren sie auch schon da. Aus diese echt haben die Scheuchberien und sind gerinde lauere Schneide an.,3708.8490999958594,1.5,0.7083333333333334,From this marriage comes the actress and singer Laura Schneiderhan.,From this marriage comes the actress and singer Laura Schneiderhan.,They were already there. Out of these real have the sheuchberias and are corrugated lurking cutting edge on.,They were already there. Out of these real have the sheuchberias and are corrugated lurking cutting edge on.,78.15253671017376,78.15253671017376,17.295031465579573,17.295031465579573,0.0,0.0,0.0,0.7328322529792786,0.7328322529792786,-1.53985595703125,-1.53985595703125,-1.7969732284545898,-1.7969732284545898,0.0,0.0,0.0
common_voice_de_19124483,Das Land musste neu aufgebaut werden und brauchte gebildete junge Menschen.,"The country had to be rebuilt and needed educated, young people.",D:\BridgeDEUX\analysis\mobile_benchmark_audio_100\covost2\common_voice_de_19124483.wav,Das Land muss der neue aufgebaut werden und braucht die gebildete junge Menschen.,2703.5021999981836,0.45454545454545453,0.0945945945945946,The country had to be rebuilt and needed educated young people.,The country had to be rebuilt and needed educated young people.,The country must be built up the new and needs the educated young people.,The country must be built up the new and needs the educated young people.,92.4095910299485,92.4095910299485,54.9090703827754,54.9090703827754,0.0,0.0,0.0,0.8665879368782043,0.8665879368782043,0.348384827375412,0.348384827375412,0.4371466338634491,0.4371466338634491,0.0,0.0,0.0
common_voice_de_19125901,Sowohl Thomas Howard als auch Margaret Douglas wurden im Tower of London gefangen gesetzt.,Both Thomas Howard and Margaret Douglas were imprisoned in the Tower of London.,D:\BridgeDEUX\analysis\mobile_benchmark_audio_100\covost2\common_voice_de_19125901.wav,"Sobald Thomas Hauer, als auch Margerid Douglas, wurden im Kauerflutten gefangen und gesetzt.",3743.232299995725,0.5,0.2808988764044944,Both Thomas Howard and Margaret Douglas were captured in the Tower of London.,Both Thomas Howard and Margaret Douglas were captured in the Tower of London.,"As soon as Thomas Hauer, as well as Margerid Douglas, were caught and set in the Kauerflutter.","As soon as Thomas Hauer, as well as Margerid Douglas, were caught and set in the Kauerflutter.",85.68284288440297,85.68284288440297,29.865850156407564,29.865850156407564,0.0,0.0,0.0,0.7910601496696472,0.7910601496696472,-1.1749250888824463,-1.1749250888824463,-1.20759916305542,-1.20759916305542,0.0,0.0,0.0
common_voice_de_19128944,Im Personenverkehr diente die Strecke vornehmlich lokalen Interessen.,The route primarily served local interests in terms of passenger transport.,D:\BridgeDEUX\analysis\mobile_benchmark_audio_100\covost2\common_voice_de_19128944.wav,Im Personenverkehr diente die Strecke vornehmlich lokalen Interessen.,3077.641500000027,0.0,0.0,"In passenger transport, the route served mainly local interests.","In passenger transport, the route served mainly local interests.","In passenger transport, the route served mainly local interests.","In passenger transport, the line served mainly local interests.",54.96238486683838,54.96238486683838,54.96238486683838,49.526206408160455,0.0,-5.436178458677922,-5.436178458677922,0.80658358335495,0.80658358335495,0.80658358335495,0.7331374883651733,0.80658358335495,0.7331375479698181,0.0,-0.07344609498977661,-0.07344609498977661
common_voice_de_19140417,Dabei durfte die historische Fassade nicht beschädigt werden.,The historic facade was therefore not allowed to be damaged.,D:\BridgeDEUX\analysis\mobile_benchmark_audio_100\covost2\common_voice_de_19140417.wav,Dabei durfte die historische Fassade nicht beschädigt werden.,2368.865399999777,0.0,0.0,The historic facade was not to be damaged.,The historical facade was not to be damaged.,The historic facade was not to be damaged.,The historic facade was not to be damaged.,64.63132055954884,56.978436702301636,64.63132055954884,64.63132055954884,-7.652883857247204,0.0,7.652883857247204,0.7848103642463684,0.7775209546089172,0.7848103642463684,0.7848103642463684,0.7848103642463684,0.7848103642463684,-0.007289409637451172,0.0,0.007289409637451172
common_voice_de_19152628,"Vor der Kirche befindet sich ein Taufstein, in den Menschendarstellungen und Symbole eingearbeitet sind.",In front of the church is a font in which human figures and symbols have been embedded.,D:\BridgeDEUX\analysis\mobile_benchmark_audio_100\covost2\common_voice_de_19152628.wav,Vor der Küche befindet sich ein Taufstein in dem Menschendarstellung und zum Wohle eingearbeitet sind.,3733.9147000020603,0.35714285714285715,0.09803921568627451,In front of the church there is a baptismal font in which human representations and symbols are incorporated.,In front of the church there is a baptismal font in which human representations and symbols are incorporated.,In front of the kitchen there is a baptismal font in which human representation and for the good are incorporated.,In front of the kitchen there is a baptismal font in which human representation and for the good are incorporated.,59.683953498970446,59.683953498970446,44.490194379570674,44.490194379570674,0.0,0.0,0.0,0.5685779452323914,0.5685779452323914,-0.5846427083015442,-0.5846427083015442,-0.49683713912963867,-0.49683713912963867,0.0,0.0,0.0
common_voice_de_19155513,Als staatlicher Feiertag gilt er für staatliche Angestellte und Beamte.,It's a national holiday for government employees and officials.,D:\BridgeDEUX\analysis\mobile_benchmark_audio_100\covost2\common_voice_de_19155513.wav,Als staatlicher Feiertag gilt er für staatliche Angestellte und Beamte.,2704.9466999960714,0.0,0.0,He is considered to be a public holiday for state employees and civil servants.,He is considered to be a state holiday for state employees and civil servants.,He is considered to be a public holiday for state employees and civil servants.,He is considered to be a public holiday for state employees and civil servants.,39.82204811717382,39.71821744062612,39.82204811717382,39.82204811717382,-0.10383067654770173,0.0,0.10383067654770173,-0.6762639880180359,-0.7679696679115295,-0.676264226436615,-0.676264226436615,-0.676264226436615,-0.676264226436615,-0.09170567989349365,0.0,0.09170567989349365
common_voice_de_19156087,"Ihre Fotostrecken erschienen in Modemagazinen wie der Vogue, Harper’s Bazaar und Marie Claire.","Their photo series appear in fashion magazines like Vogue, Harper’s Bazaar, and Marie Claire.",D:\BridgeDEUX\analysis\mobile_benchmark_audio_100\covost2\common_voice_de_19156087.wav,Diese Fotosträgen erschienen mit monobere Ziegen mit der Vogue hat das da sah aber rückgär.,3451.6560999982175,0.9230769230769231,0.43956043956043955,"Her photographs appeared in fashion magazines such as Vogue, Harper, Bazaar, and Marie Claire.","Her photographs appeared in fashion magazines such as Vogue, Harpers Bazaar and Marie Claire.",These photo wears appeared with monober goats with the Vogue but looked back.,These photo wears appeared with monober goats with the Vogue has seen that but backward.,65.78268036827363,61.32469458796942,18.612102737330886,19.449921180491877,-4.457985780304213,0.837818443160991,5.295804223465204,0.7502501606941223,0.7365821003913879,-1.410759449005127,-1.3403044939041138,-1.560935378074646,-1.491648554801941,-0.013668060302734375,0.07045495510101318,0.08412301540374756
common_voice_de_19163435,Der Pfarrhof war von da an von Weltgeistlichen bewohnt.,"From then on, the rectory was inhabited by clergymen.",D:\BridgeDEUX\analysis\mobile_benchmark_audio_100\covost2\common_voice_de_19163435.wav,Der Pfarrhoff war von der an von weltgeistlichen bewohnt.,2664.6005000002333,0.2222222222222222,0.05555555555555555,The vicarage was inhabited from then on by world clergymen.,"From then on, the vicarage was inhabited by world clergymen.",Pfarrhoff was inhabited by worldly clergymen from that time on.,"From that time on, the parish was inhabited by worldly clergymen.",55.51246773126174,73.73060919102453,49.24750939959708,62.884621793528176,18.21814145976279,13.637112393931098,-4.581029065831693,0.22981196641921997,0.31901824474334717,-0.059688881039619446,0.583864152431488,-0.14485114812850952,0.4649307429790497,0.0892062783241272,0.6435530334711075,0.5543467551469803
common_voice_de_19163610,Die bundesdeutsche Anti-Atom-Bewegung erlebte in Brokdorf ihren unaufhaltsamen Aufstieg und ihre größten Niederlagen.,The West German Anti-Nuclear Movement had its unstoppable ascent and greatest defeats in Brokdorf.,D:\BridgeDEUX\analysis\mobile_benchmark_audio_100\covost2\common_voice_de_19163610.wav,Die bundesdeutscheintheatomenbewegung erlebte in Brocktoff ihren unaufhaltsamen Aufstieg und ihrer größten Niederlagen.,4615.436899999622,0.3076923076923077,0.08771929824561403,The German anti-atom movement experienced its unstoppable rise and greatest defeats in Brokdorf.,The German anti-atom movement in Brokdorf experienced its unstoppable rise and its greatest defeats.,The German intheatom movement experienced its unstoppable rise and greatest defeats in Brocktoff.,The Bundesdeutscheintheatomical movement in Brocktoff experienced its unstoppable ascension and its greatest defeats.,60.91179758721448,53.108304168714795,53.41446808681582,46.85587515561327,-7.803493418499684,-6.558592931202554,1.24490048729713,0.7666530609130859,0.6498705744743347,0.2801792025566101,-0.46692439913749695,0.31576645374298096,-0.39535367488861084,-0.11678248643875122,-0.7471036016941071,-0.6303211152553558
common_voice_de_19164256,Die Marke Lipton gehört heute zu Unilever.,The Lipton brand is now part of Unilever.,D:\BridgeDEUX\analysis\mobile_benchmark_audio_100\covost2\common_voice_de_19164256.wav,Die Marke-Lippten gehört heute zu Unilever.,2396.966899999825,0.2857142857142857,0.07317073170731707,The Lipton brand belongs to Unilever today.,The Lipton brand belongs to Unilever today.,The brand ribs belong to Unilever today.,The brand ribs belong to Unilever today.,53.43205722986302,53.43205722986302,32.553861278061405,32.553861278061405,0.0,0.0,0.0,0.843681275844574,0.843681275844574,-0.4427964985370636,-0.4427964985370636,-0.5365309119224548,-0.5365309119224548,0.0,0.0,0.0
common_voice_de_19166335,Für seinen Einsatz in Nordafrika erhielt er mehrere italienische und deutsche Auszeichnungen.,He received numerous Italian and German awards for his work in North Africa.,D:\BridgeDEUX\analysis\mobile_benchmark_audio_100\covost2\common_voice_de_19166335.wav,Für seinen Einsatz in Nordafrika hält der mehrere italienische und deutscher Auszeichnung.,3110.7908000049065,0.3333333333333333,0.08695652173913043,He received several Italian and German awards for his work in North Africa.,He received several Italian and German awards for his work in North Africa.,He holds several Italian and German awards for his work in North Africa.,He holds several Italian and German awards for his work in North Africa.,85.30154208216443,85.30154208216443,76.45421424421095,76.45421424421095,0.0,0.0,0.0,0.9645020961761475,0.9645020961761475,0.8389995098114014,0.8389995098114014,0.840854823589325,0.840854823589325,0.0,0.0,0.0
common_voice_de_19275763,Daneben veröffentlichte er mehrere Bücher über den Bau und die Konstruktion von Dampflokomotiven.,He also published several books on steam locomotive building and construction.,D:\BridgeDEUX\analysis\mobile_benchmark_audio_100\covost2\common_voice_de_19275763.wav,Dann eben veröffentlichte er mehrere Bücher über den Bau und die Konstruktion von Trumpf locomotiven.,3715.7892000032007,0.3076923076923077,0.07291666666666667,He also published several books on the construction and construction of steam locomotives.,He also published several books on the construction and construction of steam locomotives.,Then he published several books on the construction and construction of trump locomotives.,Then he published several books on the construction and construction of trump locomotives.,75.22487231627468,75.22487231627468,59.208550045007414,59.208550045007414,0.0,0.0,0.0,0.9976099133491516,0.9976099133491516,0.1513710767030716,0.1513710767030716,0.15254873037338257,0.15254873037338257,0.0,0.0,0.0
common_voice_de_19298932,Der Entwurf verfehlte dennoch die notwendige Zweidrittelmehrheit.,The proposal is still missing the required two-thirds majority.,D:\BridgeDEUX\analysis\mobile_benchmark_audio_100\covost2\common_voice_de_19298932.wav,Der und Worf verfehltet dann auch die notwendige zwei dritteln Mehrheit.,2819.4038000001456,1.1428571428571428,0.1875,The draft nevertheless missed the necessary two-thirds majority.,The draft nevertheless missed the necessary two-thirds majority.,He and Worf then miss the necessary two thirds majority.,He and Worf then miss the necessary two thirds majority.,41.93834158748255,41.93834158748255,33.15312251375489,33.15312251375489,0.0,0.0,0.0,0.5578015446662903,0.5578015446662903,-0.34327030181884766,-0.34327030181884766,-0.39622411131858826,-0.39622411131858826,0.0,0.0,0.0
common_voice_de_19505421,Messe in der Kapelle an allen Festtagen gestattet.,Mass is permitted in the chapel on all holidays.,D:\BridgeDEUX\analysis\mobile_benchmark_audio_100\covost2\common_voice_de_19505421.wav,Messe wie in der Kapelle an allen Festtagen gestattet.,2768.9190000019153,0.125,0.08163265306122448,Mass in the chapel allowed on all feast days.,Mass in the chapel allowed on all feast days.,Mass as allowed in the chapel on all feast days.,Mass allowed as in the chapel on all feast days.,47.426254865947385,47.426254865947385,54.787607218317355,52.02967825491386,0.0,-2.7579289634034936,-2.7579289634034936,0.15131771564483643,0.15131771564483643,0.4566563367843628,-0.1390082687139511,0.42634156346321106,-0.0978625938296318,0.0,-0.5956646054983139,-0.5956646054983139
common_voice_de_19534801,Dieses Maß wird in Zoll angegeben.,This measure is given in inches.,D:\BridgeDEUX\analysis\mobile_benchmark_audio_100\covost2\common_voice_de_19534801.wav,Die Schmarsch wird in Scholl angegeben.,2234.225599997444,0.5,0.3333333333333333,This measure shall be indicated in customs.,This measure shall be indicated in customs.,The schmarsch is indicated in Scholl.,The schmarsch is indicated in Scholl.,41.17169196402236,41.17169196402236,18.524024561506522,18.524024561506522,0.0,0.0,0.0,-0.7942255139350891,-0.7942255139350891,-1.2376360893249512,-1.2376360893249512,-1.2963935136795044,-1.2963937520980835,0.0,0.0,0.0
common_voice_de_19542915,Nagoya wird unter anderem von Lufthansa täglich von Frankfurt am Main aus angeflogen.,Flights to Nagoya from Frankfurt am Main are operated daily by Lufthansa and others.,D:\BridgeDEUX\analysis\mobile_benchmark_audio_100\covost2\common_voice_de_19542915.wav,Nagoya wird unter Anderem von Lufthansa täglich von Frankfurt am Main aus angeflogen.,3421.3857000067947,0.0,0.0,"Among other things, Nagoya is served daily from Frankfurt am Main by Lufthansa.","Among other things, Nagoya is served daily from Frankfurt am Main by Lufthansa.","Among other things, Nagoya is served daily by Lufthansa from Frankfurt am Main.","Among other things, Nagoya is served daily by Lufthansa from Frankfurt am Main.",52.32968910303616,52.32968910303616,56.972557182611475,56.972557182611475,0.0,0.0,0.0,0.43932366371154785,0.43932366371154785,0.48997247219085693,0.48997247219085693,0.5121779441833496,0.5121779441833496,0.0,0.0,0.0
common_voice_de_19579120,Es gibt vier Staubblätter.,There are four stamens.,D:\BridgeDEUX\analysis\mobile_benchmark_audio_100\covost2\common_voice_de_19579120.wav,Es gibt vier Staubletter.,1918.9517999984673,0.25,0.08,There are four stamens.,There are four stamens.,There are four stamens.,There are four stamens.,100.0,100.0,100.0,100.0,0.0,0.0,0.0,1.1729700565338135,1.1729700565338135,1.1729700565338135,1.1729700565338135,1.1891498565673828,1.1891498565673828,0.0,0.0,0.0
common_voice_de_19588101,Daher verpasste er den Saisonauftakt und kehrte erst Ende März zurück ins Training.,So he missed the season opener and only returned to training at the end of March.,D:\BridgeDEUX\analysis\mobile_benchmark_audio_100\covost2\common_voice_de_19588101.wav,Da heilfeer passte er den Seitenauftragt unkehrt erst und dem Mertz-Juhrück-Instraining.,4635.622000001604,0.8461538461538461,0.3048780487804878,So he missed the start of the season and returned to training only at the end of March.,So he missed the start of the season and returned to training only at the end of March.,Since heilfeer he fitted the page job unreturned first and the Mertz-Juhrück-instraining.,Since heilfeer he fit the page job unreturned first and the Mertz-Juhrück-instraining.,76.22895931050887,76.22895931050887,27.08407357107765,26.5171325238877,0.0,-0.5669410471899496,-0.5669410471899496,0.8243723511695862,0.8243722319602966,-1.4559810161590576,-1.4407095909118652,-1.7026368379592896,-1.6682310104370117,-1.1920928955078125e-07,0.015271425247192383,0.015271544456481934
common_voice_de_19597585,Bei Siebmacher ist der Wappenschild waagrecht geteilt in Silber und Schwarz.,"With Siebmacher, the coat of arms is horizontally divided into silver and black.",D:\BridgeDEUX\analysis\mobile_benchmark_audio_100\covost2\common_voice_de_19597585.wav,"Bei Siegmacher ist der wahnsinnig schön frage, wenn ich die Teigende will und schwarze.",3583.8206999978865,0.9090909090909091,0.4666666666666667,At Siebmacher the coat of arms sign is horizontally divided into silver and black.,"At Siebmacher, the coat of arms sign is horizontally divided into silver and black.","With Siegmacher, the madly beautiful question is, if I want the dough end and black.","With Siegmacher is the insanely nice question, if I want the dough end and black.",83.56185691330593,89.72265523430909,35.16479131854,31.352793058990375,6.160798321003156,-3.811998259549622,-9.972796580552778,0.7123838067054749,0.7235391736030579,-1.2249400615692139,-1.2566940784454346,-1.246214747428894,-1.2950763702392578,0.011155366897583008,-0.0317540168762207,-0.04290938377380371
common_voice_de_19600363,Seit ihrem achten Lebensjahr bekam sie Tanzunterricht.,She received dance lessons from the age of eight.,D:\BridgeDEUX\analysis\mobile_benchmark_audio_100\covost2\common_voice_de_19600363.wav,Seit ihrem achten Lebensjahr bekamen sie Tanzunterricht.,2368.298900000809,0.14285714285714285,0.03773584905660377,She has had dance lessons since she was eight years old.,She has had dance lessons since she was eight years old.,"Since she was eight years old, they have been taught dance.","Since they were eight years old, they had been taught dance.",37.49841879199117,37.49841879199117,22.68439872797852,22.31388770935349,0.0,-0.3705110186250309,-0.3705110186250309,0.7213144898414612,0.7213144898414612,0.14832186698913574,-0.20701272785663605,0.14000555872917175,-0.19408917427062988,0.0,-0.3553345948457718,-0.3553345948457718
common_voice_de_19600894,Als Sühne versucht er seine Neigung mit finanziellen Wohltaten zu kompensieren.,"As an atonement, he tries to compensate for his tendency with monetary donations.",D:\BridgeDEUX\analysis\mobile_benchmark_audio_100\covost2\common_voice_de_19600894.wav,Als Sühne versucht er seine Eingung mit finanziellen Wultaten zu kompensieren.,3484.8359000025084,0.18181818181818182,0.05128205128205128,"As an atonement, he tries to compensate his inclination with financial benefits.","As an atonement, he tries to compensate for his inclination with financial benefits.","As an atonement, he tries to compensate his objection with financial bulwark.","As an atonement, he tries to compensate his objection with financial bulwarks.",59.76069972852611,67.02837658800085,57.51815997000633,57.760961797537036,7.26767685947474,0.24280182753070534,-7.024875031944035,0.6019489169120789,0.6436406970024109,0.3906116485595703,0.44405829906463623,0.422495573759079,0.469971239566803,0.04169178009033203,0.05344665050506592,0.011754870414733887
common_voice_de_19607883,Katarina Srebotnik und Nenad Zimonjić waren die Titelverteidiger.,Katarina Srebotnik and Nenad Zimonjić were the defending champions.,D:\BridgeDEUX\analysis\mobile_benchmark_audio_100\covost2\common_voice_de_19607883.wav,"Katharina, Srebutnik und Nenazimonid schon in die Titelverteilung.",3473.2211000009556,0.75,0.28125,Katarina Srebotnik and Nenad Zimonjić were the defending champions.,Katarina Srebotnik and Nenad Zimonjić were the defending champions.,"Katharina, Srebutnik and Nenazimonide are already in the title distribution.","Katharina, Srebutnik and Nenazimonide are already in the distribution of titles.",100.0,100.0,30.411953960803356,30.912152753184834,0.0,0.5001987923814788,0.5001987923814788,1.1798808574676514,1.1798808574676514,-0.8917273283004761,-0.9089619517326355,-0.7956461310386658,-0.8341190218925476,0.0,-0.017234623432159424,-0.017234623432159424
common_voice_de_19612448,"Laut Clamp dienen diese beiden Manga dazu, das gesamte Clamp-Universum zu verbinden.","According to Clamp, both of these manga series serve to connect the entire Clamp universe.",D:\BridgeDEUX\analysis\mobile_benchmark_audio_100\covost2\common_voice_de_19612448.wav,"laut kam, dienen diese beiden mancher dazu, das gesamte kam und die Person zu verbinden.",3503.25910000538,0.5,0.2222222222222222,"According to Clamp, these two manga serve to connect the entire Clamp universe.","According to Clamp, these two manga serve to connect the entire Clamp universe.","come out loud, these two serve some to connect the whole came and the person.","came out loud, these two serve some to connect the whole came and the person.",77.35892837316698,77.35892837316698,30.01862989050288,30.188963023642675,0.0,0.17033313313979548,0.17033313313979548,0.9795963168144226,0.9795963168144226,-1.215589165687561,-1.245193600654602,-1.2379919290542603,-1.267269253730774,0.0,-0.029604434967041016,-0.029604434967041016
common_voice_de_19616009,Die Auszeichnung wird teilweise als Ehre oder Preis verstanden.,The award is partly considered an honor or prize.,D:\BridgeDEUX\analysis\mobile_benchmark_audio_100\covost2\common_voice_de_19616009.wav,Die Auszeichnung wird teilweise als Ehre oder Preis verstanden.,2414.990099998249,0.0,0.0,The award is partly understood as an honor or prize.,The award is partly understood as an honor or prize.,The award is partly understood as an honor or prize.,The award is partly understood as an honor or prize.,73.84085725112682,73.84085725112682,73.84085725112682,73.84085725112682,0.0,0.0,0.0,0.9255228042602539,0.9255228042602539,0.9255228042602539,0.9255228042602539,0.9255228042602539,0.9255228042602539,0.0,0.0,0.0
common_voice_de_19617317,"Weitere wichtige Industriezweige sind die Mikromechanik, Galvanoplastik, Metallbau und die Holzverarbeitung.","Other important industry branches include micromechanics, electrotyping, metal construction, and woodworking.",D:\BridgeDEUX\analysis\mobile_benchmark_audio_100\covost2\common_voice_de_19617317.wav,"Weitere wichtige Industriezweige sind die Mikro Mechanik, Galvanoplastik, Metallbau und die Holzverarbeitung.",4445.6434000021545,0.18181818181818182,0.009523809523809525,"Other important industries are micromechanics, galvanoplasty, metal construction and wood processing.","Other important industries are micromechanics, galvanoplasty, metal construction and wood processing.","Other important industries are micromechanics, galvanoplasty, metal construction and wood processing.","Other important industries are micro mechanics, galvanoplasty, metal construction and wood processing.",56.49480801262293,56.49480801262293,56.49480801262293,54.623988781902064,0.0,-1.870819230720869,-1.870819230720869,0.8686784505844116,0.8686784505844116,0.8686784505844116,0.7960959076881409,0.8659563660621643,0.7966520190238953,0.0,-0.07258254289627075,-0.07258254289627075
common_voice_de_19618761,Ein altes Backhaus ist auch heute noch in Betrieb und Mittelpunkt des Ortsteiles.,An old bakery is still in operation today and is the central point of the district.,D:\BridgeDEUX\analysis\mobile_benchmark_audio_100\covost2\common_voice_de_19618761.wav,Ein altes Backhaus ist auch heute noch in Betrieb und Mittelpunkt des Ortsdellers.,3364.841399998113,0.07692307692307693,0.0375,An old bakery is still in operation and the centre of the district.,An old bakery is still in operation and the centre of the district.,An old baking house is still in operation and the center of the village.,An old baking house is still in operation today and the center of the local plate.,70.11393202049362,70.11393202049362,48.48123722112517,58.61404093280568,0.0,10.13280371168051,10.13280371168051,0.6176428198814392,0.6176426410675049,0.3346328139305115,0.11724146455526352,0.3100079894065857,0.10505682975053787,-1.7881393432617188e-07,-0.21739134937524796,-0.21739117056131363
common_voice_de_19622933,Sein Sohn war der Politiker Hartwig von Rheden.,His son was politician Hartwig von Rheden.,D:\BridgeDEUX\analysis\mobile_benchmark_audio_100\covost2\common_voice_de_19622933.wav,So ein Sohn war der Politiker hart weg von reden.,2395.820300000196,0.625,0.10869565217391304,His son was the politician Hartwig von Rheden.,His son was the politician Hartwig von Rheden.,Such a son was the politician hard off talking.,Such a son was the politician hard off talking.,90.592363464127,90.592363464127,35.99924253263536,35.99924253263536,0.0,0.0,0.0,0.8290396332740784,0.8290396332740784,-1.223193645477295,-1.223193645477295,-1.240409255027771,-1.240409255027771,0.0,0.0,0.0
common_voice_de_19625120,Ein großer Teil der Conciergerie wird heute für die Pariser Gerichte genutzt.,A large part of the Conciergerie is now used for the Parisian courts.,D:\BridgeDEUX\analysis\mobile_benchmark_audio_100\covost2\common_voice_de_19625120.wav,Ein großer Teil der Großjargery will heute für die Pariser Geräste genutzt.,3266.272000000754,0.25,0.17105263157894737,A large part of the conciergery is now used for the Parisian dishes.,A large part of the conciergery is now used for the Parisian dishes.,A large part of the Großjargery wants to be used today for the Parisian Geräste.,A large part of the Großjargery today wants to be used for the Parisian casts.,75.30641303527707,75.30641303527707,53.45105097433971,59.20605144150287,0.0,5.755000467163164,5.755000467163164,0.27906933426856995,0.27906906604766846,-0.841650664806366,-0.43125036358833313,-0.9784731864929199,-0.45374736189842224,-2.682209014892578e-07,0.41040030121803284,0.4104005694389343
common_voice_de_19628118,"Der Innenraum trägt eine flache Holzdecke, an der Nord- und Westwand sind Emporen angebracht.",The interior has a flat wooden ceiling; galleries have been installed on the north and west walls.,D:\BridgeDEUX\analysis\mobile_benchmark_audio_100\covost2\common_voice_de_19628118.wav,Der Innenraum trägt eine flache Olstecke an der Nord und bestand sind empfohren angebracht.,3725.540200000978,0.21428571428571427,0.07777777777777778,"The interior has a flat wooden ceiling, on the north and west wall are towers attached.","The interior has a flat wooden ceiling, on the north and west walls there are entrances attached.",The interior is fitted with a flat Olstecke on the north and is receptive.,The interior is fitted with a flat Olstecke on the north and is receptive.,64.42808234771707,66.9819830031932,36.1259152958218,36.1259152958218,2.5539006554761414,0.0,-2.5539006554761414,0.27949637174606323,0.2909257709980011,-1.2349644899368286,-1.2349644899368286,-1.235335350036621,-1.235335350036621,0.011429399251937866,0.0,-0.011429399251937866
common_voice_de_19649452,"Die Partei war damit zwar gerettet, doch wurde die Parteiführung anschließend verhaftet.","Although this did save the party, the party leader was subsequently arrested.",D:\BridgeDEUX\analysis\mobile_benchmark_audio_100\covost2\common_voice_de_19649452.wav,"Die Partei war damit zwar gerettet, durchwurde die Parteiführung anschließend fraftet.",3647.810499998741,0.25,0.06976744186046512,"The party was rescued, but the party leadership was subsequently arrested.","The party was rescued, but the party leadership was subsequently arrested.","The party was rescued, and the party leadership was subsequently defeated.","The party was rescued by this, and the party leadership was subsequently defeated.",57.694160359826974,57.694160359826974,47.41055215398035,48.84924935779797,0.0,1.4386972038176253,1.4386972038176253,0.33434608578681946,0.33434608578681946,-0.1503939926624298,-0.0899493470788002,-0.15307804942131042,-0.0865321159362793,0.0,0.06044464558362961,0.06044464558362961
common_voice_de_19669138,Sie wurde nach Plänen des Architekten Paul Hoppe errichtet.,It was built according to plans by architect Paul Hoppe.,D:\BridgeDEUX\analysis\mobile_benchmark_audio_100\covost2\common_voice_de_19669138.wav,Sie wurde nach Planung des Architekten Paul Hoppe errichtet.,2681.311900007131,0.1111111111111111,0.05172413793103448,It was built according to plans by architect Paul Hoppe.,It was built according to plans of the architect Paul Hoppe.,It was designed by architect Paul Hoppe.,It was designed by architect Paul Hoppe.,100.0,87.36535517482402,53.87430532188541,53.87430532188541,-12.634644825175982,0.0,12.634644825175982,1.1038143634796143,0.9804816842079163,0.7062349915504456,0.7062349915504456,0.7214788794517517,0.7214788794517517,-0.123332679271698,0.0,0.123332679271698
common_voice_de_19678060,"Er begann ein Studium als Betriebswirt, das er aber vorzeitig abbrach.",He started a business administration course but dropped out early.,D:\BridgeDEUX\analysis\mobile_benchmark_audio_100\covost2\common_voice_de_19678060.wav,"Er begann ein Studium als Betriebswirt, dass er aber vorzeitig abbrach.",3144.151699998474,0.09090909090909091,0.014705882352941176,"He began his studies as a business manager, but he broke it off prematurely.","He began his studies as a business manager, but he broke it off prematurely.","He began his studies as a business manager, but he stopped early.","He began his studies as a business manager, but he broke off prematurely.",26.547935422853158,26.547935422853158,33.693148382898805,26.35165558793833,0.0,-7.341492794960477,-7.341492794960477,0.5423030257225037,0.5423031449317932,0.6707899570465088,0.710577666759491,0.6775076985359192,0.7154030203819275,1.1920928955078125e-07,0.03978770971298218,0.03978759050369263
common_voice_de_19682423,Rang im Norden.,State in the north.,D:\BridgeDEUX\analysis\mobile_benchmark_audio_100\covost2\common_voice_de_19682423.wav,Frank im Laufen.,1431.1199000003398,0.6666666666666666,0.42857142857142855,==References==,==References==,Frank running.,Frank running.,4.061301689294227,4.061301689294227,8.47750475749627,8.47750475749627,0.0,0.0,0.0,-1.502091646194458,-1.502091646194458,-1.4775640964508057,-1.4775640964508057,-1.5783181190490723,-1.5783181190490723,0.0,0.0,0.0
common_voice_de_19714269,Auflage des Wettbewerbes.,Edition of the competition.,D:\BridgeDEUX\analysis\mobile_benchmark_audio_100\covost2\common_voice_de_19714269.wav,Auf Lage des Wettbewerbs.,2052.3876000006567,1.0,0.08333333333333333,==References====External links==,==References====External links==,To the state of the competition.,To the state of the competition.,4.429133858267717,4.429133858267717,67.98931285135652,67.98931285135652,0.0,0.0,0.0,-1.7367746829986572,-1.7367746829986572,-0.6619446873664856,-0.6619446873664856,-0.6168223023414612,-0.6168223023414612,0.0,0.0,0.0
common_voice_de_19728810,Es kommt zum Showdown in Gstaad.,It's showdown time in Gstaad.,D:\BridgeDEUX\analysis\mobile_benchmark_audio_100\covost2\common_voice_de_19728810.wav,"Es kommt schon, es ist schon, es ist schon, es ist schon, es ist schon, es ist schon, es ist schon, es ist schon, es ist schon, es ist schon, es ist schon, es ist schon, es ist schon, es ist schon, es ist schon, es ist schon, es ist schon, es ist schon, es ist schon, es ist schon, es ist schon, es ist schon, es ist schon, es ist schon, es ist schon, es ist schon, es ist schon, es ist schon, es ist schon, es ist schon, es ist schon, es ist schon, es ist schon, es ist schon, es ist schon, es ist schon, es ist schon, es ist schon, es ist schon, es ist schon, es ist schon, es ist schon, es ist schon, es ist schon, es ist schon, es ist schon, es ist schon, es ist schon, es ist schon, es ist schon, es ist schon, es ist schon, es ist schon, es ist schon, es ist schon, es ist schon, es ist schon, es ist schon, es ist schon, es ist schon, es ist schon, es ist schon, es ist schon, es ist schon, es ist schon, es ist schon, es ist schon, es ist schon, es ist schon, es ist schon, es ist schon, es ist schon, es ist schon, es ist schon, es ist schon, es ist schon, es ist schon, es ist schon, es ist schon, es ist schon, es ist schon, es ist schon, es ist schon, es ist schon, es ist schon, es ist schon, es ist schon, es ist schon, es ist schon, es ist schon, es ist schon, es ist schon, es ist schon, es ist schon, es ist schon, es ist schon, es ist schon, es ist schon, es ist schon, es ist schon, es ist schon, es ist schon, es ist schon, es ist schon, es ist schon, es ist schon, es ist schon, es ist schon, es ist schon, es ist schon, es ist schon,",54303.79309999989,55.166666666666664,45.903225806451616,It comes to the showdown in Gstaad.,It comes to the showdown in Gstaad.,"It's already, it's already, it's already, it's already, it's already, it's already, it's already, it's already, it's already, it's already, it's already, it's already, it's already, it's already, it's already, it's already, it's already, it's already, it's already, it's already, it's already, it's already, it's already, it's already, it's already, it's already, it's already, it's already, it's already, it's","It's already, it's already, it's already, it's already, it's already, it's already, it's already, it's already, it's already, it's already, it's already, it's already, it's already, it's already, it's already, it's already, it's already, it's already, it's already, it's already, it's already, it's already, it's already, it's already, it's already, it's already, it's already, it's already, it's already, it's",54.41805410173687,54.41805410173687,3.617868476644728,3.617868476644728,0.0,0.0,0.0,0.6638934016227722,0.6638934016227722,-2.0601046085357666,-2.0601046085357666,-2.362307071685791,-2.362307071685791,0.0,0.0,0.0
common_voice_de_19740814,Die internationale Politik vermochte erst in der Weimarer Republik kleine Zugeständnisse aushandeln.,International politics was only able to negotiate small concessions during the Weimar Republic.,D:\BridgeDEUX\analysis\mobile_benchmark_audio_100\covost2\common_voice_de_19740814.wav,Die internationale Politik förmachte erst in der Weimarer Robotik kleine Zugeständnisse aushandeln.,3384.090899999137,0.16666666666666666,0.08080808080808081,International politics was only able to negotiate small concessions in the Weimar Republic.,International politics was only able to negotiate small concessions in the Weimar Republic.,International politics only negotiated small concessions in Weimar robotics.,International politics only negotiated small concessions in Weimar robotics.,90.36523220707335,90.36523220707335,53.479818810524534,53.479818810524534,0.0,0.0,0.0,0.8471346497535706,0.8471346497535706,-0.08118081837892532,-0.08118081837892532,-0.031860917806625366,-0.031860917806625366,0.0,0.0,0.0
common_voice_de_19746364,"Sie trugen alle sowjetische Hoheitszeichen, als sie per Bahn im Reich eintrafen.",They all wore Soviet insignia as they arrived in the Reich by train.,D:\BridgeDEUX\analysis\mobile_benchmark_audio_100\covost2\common_voice_de_19746364.wav,"Alle sowjetische Rohheitszeichen, als sie per Bahn im Reich eintrafen.",2843.774700006179,0.25,0.16666666666666666,They all wore Soviet emblems when they arrived by train in the Reich.,They all wore Soviet emblems when they arrived by train in the Reich.,All Soviet signs of roughness when they arrived by train in the Reich.,All Soviet signs of roughness when they arrived in the Reich by rail.,66.96772032584886,66.96772032584886,50.60841022040725,52.3170048306344,0.0,1.708594610227152,1.708594610227152,0.817687451839447,0.8176875710487366,-0.6105820536613464,-0.6408651471138,-0.6197300553321838,-0.6832567453384399,1.1920928955078125e-07,-0.030283093452453613,-0.030283212661743164
common_voice_de_19754865,Diese Aneignung vollzieht sich vielfach auf der Grundlage eingeführter esoterischer Vorstellungen.,This appropriation is often carried out on the basis of established esoteric concepts.,D:\BridgeDEUX\analysis\mobile_benchmark_audio_100\covost2\common_voice_de_19754865.wav,Diese Aneignung vollzieht sich vielfach auf der Grundlage eingeförter isoterischer Vorstellungen.,3391.363300004741,0.18181818181818182,0.030927835051546393,This appropriation often takes place on the basis of established esoteric ideas.,This appropriation often takes place on the basis of established esoteric ideas.,This appropriation often takes place on the basis of established isoteric ideas.,This appropriation often takes place on the basis of an isoteric idea.,65.44872395516757,65.44872395516757,60.83606389095023,49.21755017295125,0.0,-11.61851371799898,-11.61851371799898,1.002363681793213,1.002363681793213,0.7452206015586853,0.6891635060310364,0.751343309879303,0.7004667520523071,0.0,-0.056057095527648926,-0.056057095527648926
common_voice_de_19756404,"Sie liegt im Osten des Landes, an der Grenze zu Tansania.",It's located in the east of the country on the Tanzanian border.,D:\BridgeDEUX\analysis\mobile_benchmark_audio_100\covost2\common_voice_de_19756404.wav,Sie liegt im Oster des Landes an der Grenze zu tanzenieren.,2418.978599998809,0.18181818181818182,0.12727272727272726,"It is located in the east of the country, on the border with Tanzania.","It is located in the east of the country, on the border with Tanzania.",It is located in the east of the country to dance on the border.,It is located in the east of the country on the border to dance.,73.31537069014884,73.31537069014884,70.02175244635531,72.5957959585308,0.0,2.5740435121754928,2.5740435121754928,0.8523299694061279,0.8523299694061279,-0.442732572555542,-0.4385567307472229,-0.4818713963031769,-0.4683287441730499,0.0,0.004175841808319092,0.004175841808319092
common_voice_de_19856683,Höhe auf einem Felshügel über dem Fluss Duero.,Heights of the rock hill above the Douro River.,D:\BridgeDEUX\analysis\mobile_benchmark_audio_100\covost2\common_voice_de_19856683.wav,"Okay, höher auf einem Felszügel über den Fluss der Wehrohre.",2878.3612999977777,0.75,0.35555555555555557,Height on a rocky hill above the river Duero.,Height on a rocky hill above the river Duero.,"Okay, higher up on a ridge across the river of blowpipes.","Okay, higher up on a ridge across the river of blowpipes.",45.1324983556009,45.1324983556009,19.488431401360213,19.488431401360213,0.0,0.0,0.0,0.3940258026123047,0.3940258026123047,-1.1750562191009521,-1.1750562191009521,-1.1821664571762085,-1.1821664571762085,0.0,0.0,0.0
common_voice_de_19941265,"Ähnliches ist zu beobachten bei der Gabe von Glucocorticoiden wie Cortisol, Dexamethason, Prednisolon.","The same can be observed when administering glucocorticoids like cortisol, dexamethasone, prednisolone.",D:\BridgeDEUX\analysis\mobile_benchmark_audio_100\covost2\common_voice_de_19941265.wav,"Ähnliches ist zu beobachten bei der Gabe von Gluckokortikoriden wie Kortisol, Dixametersohn, Prätinisolon.",4545.913499998278,0.3076923076923077,0.12121212121212122,"Similarly, glucocorticoids such as cortisol, dexamethasone, prednisolone are administered.","Similarly, glucocorticoids such as cortisol, dexamethasone, prednisolone are administered.","Similar findings can be observed in the administration of glucocorticorides such as cortisol, dixameter son, pretinisolon.","Similar findings can be observed in the administration of glucocorticorides such as cortisol, dixameter son, pretinisolon.",56.825878015414375,56.825878015414375,47.25801044167144,47.25801044167144,0.0,0.0,0.0,0.5453721880912781,0.5453721880912781,0.07027953118085861,0.07027953118085861,0.09562177956104279,0.09562177956104279,0.0,0.0,0.0
common_voice_de_19948105,Er erkrankte zudem an Kinderlähmung.,He also suffered from polio.,D:\BridgeDEUX\analysis\mobile_benchmark_audio_100\covost2\common_voice_de_19948105.wav,Er erkrankte zu dem und Kinderlimmung.,2053.6675000039395,0.8,0.14285714285714285,He also suffered from polio.,He also suffered from polio.,He fell ill to that and child limitation.,He fell ill to that and child limitation.,100.0,100.0,12.03940681116777,12.03940681116777,0.0,0.0,0.0,1.1952764987945557,1.1952764987945557,-1.1254175901412964,-1.1254173517227173,-1.1444283723831177,-1.1444282531738281,0.0,2.384185791015625e-07,2.384185791015625e-07
common_voice_de_19955213,Der Empfänger erhält also ein möglicherweise verändertes Wort.,The receiver then gets a word that might be changed.,D:\BridgeDEUX\analysis\mobile_benchmark_audio_100\covost2\common_voice_de_19955213.wav,Der Empfänger erhält also ein möglicherweise verändertes Wort.,2480.734400000074,0.0,0.0,The recipient thus receives a possibly changed word.,The recipient thus receives a possibly changed word.,The recipient thus receives a possibly changed word.,The recipient thus receives a possibly changed word.,34.63737079061115,34.63737079061115,34.63737079061115,34.63737079061115,0.0,0.0,0.0,0.48337703943252563,0.48337703943252563,0.48337703943252563,0.48337703943252563,0.48337703943252563,0.48337703943252563,0.0,0.0,0.0
