sample_id,gold_german_source,gold_english_reference,audio_path,whisper_hypothesis,whisper_inference_time_ms,whisper_asr_wer,whisper_asr_cer,clean_fp32_translation,clean_int8_translation,whisper_asr_fp32_translation,whisper_asr_int8_translation,chrf_clean_f,chrf_clean_i,chrf_whisper_asr_f,chrf_whisper_asr_i,delta_clean,delta_whisper_asr,did_whisper,comet_clean_f,comet_clean_i,comet_whisper_asr_f_e2e,comet_whisper_asr_i_e2e,comet_whisper_asr_f_mt,comet_whisper_asr_i_mt,comet_delta_clean,comet_delta_whisper_asr,comet_did_whisper
common_voice_de_17325303,Insbesondere keine Topflappen.,Especially no potholders.,D:\BridgeDEUX\analysis\mobile_benchmark_audio_100\covost2\common_voice_de_17325303.wav,In Spasson der Kainettopflaffen.,4261.860500000012,1.3333333333333333,0.3448275862068966,Especially no potholders.,Especially no potholders.,In Spasson of the Cainetop monkeys.,In Spasson of the Cainetop monkeys.,100.0,100.0,13.08603727185131,13.08603727185131,0.0,0.0,0.0,1.2607932090759277,1.2607932090759277,-1.6089801788330078,-1.6089801788330078,-1.7574949264526367,-1.7574949264526367,0.0,0.0,0.0
common_voice_de_17328166,Wäre das eine geeignete Kodierung oder eher nicht?,Would this be a suitable coding or not?,D:\BridgeDEUX\analysis\mobile_benchmark_audio_100\covost2\common_voice_de_17328166.wav,Wir haben das eine Geheimnite koviere und die E-Nicht.,4212.757800000077,0.875,0.40816326530612246,Would that be an appropriate coding or rather not?,Would that be an appropriate coding or rather not?,"We've got a secret nite, and the e-not.",We've got a secret nite and the e-not.,45.8108283568204,45.8108283568204,13.245117208097348,13.755014938858393,0.0,0.509897730761045,0.509897730761045,0.7972486019134521,0.7972486019134521,-1.591138482093811,-1.587846040725708,-1.8323109149932861,-1.8192449808120728,0.0,0.0032924413681030273,0.0032924413681030273
common_voice_de_17334370,Haben wir noch genügend Rohstoffe?,Do we still have enough resources?,D:\BridgeDEUX\analysis\mobile_benchmark_audio_100\covost2\common_voice_de_17334370.wav,Haben wir noch genügend Rohstoffe?,2873.076200000014,0.0,0.0,Do we still have enough raw materials?,Do we still have enough raw materials?,Do we still have enough raw materials?,Do we still have enough raw materials?,68.936550154663,68.936550154663,68.936550154663,68.936550154663,0.0,0.0,0.0,0.7613464593887329,0.7613464593887329,0.7613465189933777,0.7613465189933777,0.7613464593887329,0.7613464593887329,0.0,0.0,0.0
common_voice_de_17385186,"Leonie und Paul streiten sich darum, wer als erstes auf das Schaukelpferd darf.",Leonie and Paul argue about who gets to go on the rocking horse first.,D:\BridgeDEUX\analysis\mobile_benchmark_audio_100\covost2\common_voice_de_17385186.wav,"Leonie und Paul streiten sich darum, wer als erstes auf das Schauke tät darf.",3091.310700000008,0.15384615384615385,0.07792207792207792,Leonie and Paul argue about who gets to be the first one on the rocking horse.,Leonie and Paul are arguing about who can be the first on the rocking horse.,Leonie and Paul are arguing about who can be the first to be seen.,Leonie and Paul argue about who can do the show first.,84.06776111864497,66.02541768003428,47.44555144795506,55.55230084029994,-18.042343438610686,8.10674939234488,26.149092830955567,0.7629798650741577,0.7322128415107727,-0.33461540937423706,0.05373888462781906,-0.3921969532966614,-0.03137391805648804,-0.03076702356338501,0.3883542940020561,0.41912131756544113
common_voice_de_17448293,"In Kontakt mit anderen Menschen zu bleiben, senkt das Risiko, an Demenz zu erkranken.",Staying in contact with other people reduces the risk of developing dementia.,D:\BridgeDEUX\analysis\mobile_benchmark_audio_100\covost2\common_voice_de_17448293.wav,In Kontakt mit anderen Menschen zu bleiben senkt das Risiko an Demenz zu erkranken.,3188.510400000041,0.0,0.0,Staying in contact with other people reduces the risk of developing dementia.,Staying in contact with other people reduces the risk of developing dementia.,Staying in contact with other people reduces the risk of dementia.,Staying in contact with other people reduces the risk of dementia.,100.0,100.0,86.31013332761735,86.31013332761735,0.0,0.0,0.0,1.0474164485931396,1.0474164485931396,0.9669542908668518,0.9669542908668518,0.9640440344810486,0.9640440344810486,0.0,0.0,0.0
common_voice_de_17505848,"Es ist bedauerlich, wie viele Kinder beim Laternenumzug nur noch LED-Laternen tragen dürfen.",It is regrettable how many children are allowed to only carry LED lanterns during the lantern walk,D:\BridgeDEUX\analysis\mobile_benchmark_audio_100\covost2\common_voice_de_17505848.wav,Es ist bedauerlich wie viele Kinder beim Latternen umzugten nur noch LED-Latternen tragen dürfen.,3280.7136999999784,0.23076923076923078,0.06741573033707865,It is unfortunate how many children are allowed to wear only LED lanterns during the lantern move.,It is regrettable how many children are allowed to wear only LED lanterns during the lantern move.,It is unfortunate how many children are allowed to wear only LED latters when moving latters.,It is unfortunate how many children are allowed to wear only LED latters during lattering.,70.42476661823231,83.45139235917031,48.77534477350465,52.56917112642897,13.026625740938002,3.79382635292432,-9.232799388013682,0.7527487874031067,0.8023668527603149,-0.5189641118049622,-0.4610902965068817,-0.5929708480834961,-0.4924039840698242,0.04961806535720825,0.057873815298080444,0.008255749940872192
common_voice_de_17526181,Noch im Bademantel schlurfte er zum Kühlschrank und griff sich einen Jogurt.,"Still dressed in his bathrobe, he shuffled over to the fridge and grabbed a yogurt.",D:\BridgeDEUX\analysis\mobile_benchmark_audio_100\covost2\common_voice_de_17526181.wav,Noch im Bademantel schlurft er zum Kühlschrank und grüß sich einen Yogurt.,3687.0963000000074,0.25,0.06666666666666667,"Still in his bathrobe, he slurped to the fridge and grabbed a yogurt.",Still in the bathrobe he slurped to the fridge and grabbed a yogurt.,"Still in his bathrobe, he slurps to the fridge and greets himself with a yoghurt.","Still in his bathrobe, he slurps to the fridge and greets himself with a yoghurt.",71.26857939553074,58.407600458413015,55.03407666164488,55.03407666164488,-12.860978937117721,0.0,12.860978937117721,0.6437933444976807,0.5302076935768127,0.3386644124984741,0.3386644124984741,0.3536757230758667,0.3536757230758667,-0.11358565092086792,0.0,0.11358565092086792
common_voice_de_17586393,Die Uhr geht falsch.,The clock is showing the wrong time.,D:\BridgeDEUX\analysis\mobile_benchmark_audio_100\covost2\common_voice_de_17586393.wav,Die Uhr geht falsch.,3024.9972999999954,0.0,0.0,The clock's wrong.,The clock's wrong.,The clock's wrong.,The clock's wrong.,29.821325534408583,29.821325534408583,29.821325534408583,29.821325534408583,0.0,0.0,0.0,-0.43217647075653076,-0.43217647075653076,-0.43217647075653076,-0.43217647075653076,-0.43217647075653076,-0.43217647075653076,0.0,0.0,0.0
common_voice_de_17655021,Die Stadt Aachen verteilt bereits vorsorglich Jodtabletten.,The city of Aachen already distributes preventative iodine tablets.,D:\BridgeDEUX\analysis\mobile_benchmark_audio_100\covost2\common_voice_de_17655021.wav,Die Stadt Aachen verteilt bereits vorsorglich Jotabletten.,2991.6699000000335,0.14285714285714285,0.017241379310344827,The city of Aachen already distributes precautionously iodine tablets.,The city of Aachen already distributes precautionarily iodine tablets.,The city of Aachen already distributes precautionously jotablets.,The city of Aachen already distributes precautionously jotablets.,81.05667089441168,81.05667089441168,69.40652316989862,69.40652316989862,0.0,0.0,0.0,0.82840496301651,0.9053487181663513,-0.07629693299531937,-0.07629693299531937,-0.044298987835645676,-0.044298987835645676,0.07694375514984131,0.0,-0.07694375514984131
common_voice_de_17762173,Haben wir noch Nudeln?,Do we still have noodles?,D:\BridgeDEUX\analysis\mobile_benchmark_audio_100\covost2\common_voice_de_17762173.wav,Haben wir noch nur den?,2957.6495000000023,0.5,0.14285714285714285,Do we still have noodles?,Do we still have noodles?,All we got left is this?,All we got left is this?,100.0,100.0,15.77795129370894,15.77795129370894,0.0,0.0,0.0,1.18973708152771,1.18973708152771,-1.1979148387908936,-1.1979148387908936,-1.2144479751586914,-1.2144479751586914,0.0,0.0,0.0
common_voice_de_17812774,Die Sache hat allerdings einen Haken.,The matter has a catch though.,D:\BridgeDEUX\analysis\mobile_benchmark_audio_100\covost2\common_voice_de_17812774.wav,"Ich zeig halt, oder nicht?",3329.924300000016,1.0,0.7222222222222222,"The thing has a catch, though.","The thing has a catch, though.","I'll show you, won't I?","I'm showing, aren't I?",56.09557573403865,56.09557573403865,3.722559807302787,5.27514792326952,0.0,1.5525881159667332,1.5525881159667332,0.9971954226493835,0.9971954226493835,-1.4505494832992554,-1.5619205236434937,-1.5302919149398804,-1.6749521493911743,0.0,-0.11137104034423828,-0.11137104034423828
common_voice_de_17815886,"Du benutzt ständig irgendwelche Redewendungen, die ich nicht kenne.",You’re always using some idioms I don't know all the time.,D:\BridgeDEUX\analysis\mobile_benchmark_audio_100\covost2\common_voice_de_17815886.wav,"Du benutzt ständig irgendwelche Redebändungen, die ich nicht kenne.",3521.5791000000536,0.1111111111111111,0.03076923076923077,You're always using any phrases I don't know.,You're always using any phrases I don't know.,You're always using some kind of speech that I don't know.,You're always using some kind of speech I don't know.,45.77948722170439,45.77948722170439,52.65567325770451,52.52306300304027,0.0,-0.13261025466423604,-0.13261025466423604,0.6073141098022461,0.6073141098022461,0.3883901834487915,0.11869146674871445,0.41080427169799805,0.1543375849723816,0.0,-0.26969871670007706,-0.26969871670007706
common_voice_de_17818036,In den Umkleiden gibt es Spinde.,There are lockers in the changing rooms.,D:\BridgeDEUX\analysis\mobile_benchmark_audio_100\covost2\common_voice_de_17818036.wav,In den Unklaren gibt es Spende.,2965.7761999999366,0.3333333333333333,0.16129032258064516,There are lockers in the lockers.,There are lockers in the lockers.,There's a donation in the unclear.,There is a donation in the unclear.,62.49202269525578,62.49202269525578,24.616269320075137,26.027963680626492,0.0,1.4116943605513548,1.4116943605513548,-0.8977904915809631,-0.8977904915809631,-1.6081321239471436,-1.573738932609558,-1.7844645977020264,-1.7061707973480225,0.0,0.03439319133758545,0.03439319133758545
common_voice_de_17826889,Der Uranus ist der siebente Planet in unserem Sonnensystem.,Uranus is the seventh planet in our solar system.,D:\BridgeDEUX\analysis\mobile_benchmark_audio_100\covost2\common_voice_de_17826889.wav,Der Uranus ist der siebente Planet an unserem Sonnensystem.,2947.4755999999616,0.1111111111111111,0.017241379310344827,Uranus is the seventh planet in our solar system.,Uranus is the seventh planet in our solar system.,Uranus is the seventh planet in our solar system.,Uranus is the seventh planet in our solar system.,100.0,100.0,100.0,100.0,0.0,0.0,0.0,1.1759169101715088,1.1759169101715088,1.1759169101715088,1.1759169101715088,1.1729788780212402,1.1729788780212402,0.0,0.0,0.0
common_voice_de_17834515,Mir ist der Appetit vergangen.,I’ve lost my appetite.,D:\BridgeDEUX\analysis\mobile_benchmark_audio_100\covost2\common_voice_de_17834515.wav,Ich habe einen Stapetit vergangeln.,3612.2647999999344,1.0,0.5172413793103449,I've lost my appetite.,I've lost my appetite.,I've lost a stapetit.,I've lost a stapetit.,85.84274718659393,85.84274718659393,33.93705483137399,33.93705483137399,0.0,0.0,0.0,1.1433031558990479,1.1433031558990479,-1.0349665880203247,-1.0349665880203247,-1.172544002532959,-1.172544002532959,0.0,0.0,0.0
common_voice_de_17886464,Weshalb möchtest du nach Bergheim?,Why do you want to go to Bergheim?,D:\BridgeDEUX\analysis\mobile_benchmark_audio_100\covost2\common_voice_de_17886464.wav,Weshalb möchtest du nach Bergheim?,2854.1303000000653,0.0,0.0,Why do you want to go to Bergheim?,Why do you want to go to Bergheim?,Why do you want to go to Bergheim?,Why do you want to go to Bergheim?,100.0,100.0,100.0,100.0,0.0,0.0,0.0,1.2158122062683105,1.2158122062683105,1.2158119678497314,1.2158119678497314,1.2158122062683105,1.2158122062683105,0.0,0.0,0.0
common_voice_de_17922420,Zieht euch bitte draußen die Schuhe aus.,Please take your shoes off outside.,D:\BridgeDEUX\analysis\mobile_benchmark_audio_100\covost2\common_voice_de_17922420.wav,Sie durchbidet draußen die Schuhe aus.,3112.4105999999756,0.42857142857142855,0.23076923076923078,Please take off your shoes outside.,Please take off your shoes outside.,She's gonna go through the shoes outside.,She's been running through the shoes outside.,76.14439216594388,76.14439216594388,34.09577416544124,33.00625640205879,0.0,-1.089517763382453,-1.089517763382453,0.9496761560440063,0.9496761560440063,-1.3245872259140015,-1.3113665580749512,-1.3058137893676758,-1.3006222248077393,0.0,0.013220667839050293,0.013220667839050293
common_voice_de_17929041,Macht euch nur darüber lustig.,Keep making fun if it.,D:\BridgeDEUX\analysis\mobile_benchmark_audio_100\covost2\common_voice_de_17929041.wav,Macht euch nur darüber lustig.,2855.040499999973,0.0,0.0,Just make fun of it.,Just make fun of it.,Just make fun of it.,Just make fun of it.,25.90862556630303,25.90862556630303,25.90862556630303,25.90862556630303,0.0,0.0,0.0,0.6356682181358337,0.6356682181358337,0.6356682181358337,0.6356682181358337,0.6356682181358337,0.6356682181358337,0.0,0.0,0.0
common_voice_de_17929222,"Die junge Polizistin machte den Eindruck, als müsste sie sich vor ihren älteren Kollegen erst noch beweisen.",The young policewoman gave the impression that she still had to prove herself to her older colleagues.,D:\BridgeDEUX\analysis\mobile_benchmark_audio_100\covost2\common_voice_de_17929222.wav,"Die junge Polizistin nacht er den Eindruck, als müsste sie sich vor ihrem älteren Kollegen erst noch verweisen.",3053.235799999925,0.23529411764705882,0.05660377358490566,The young policewoman seemed to have to prove herself in front of her older colleagues.,The young policewoman seemed to have to prove herself in front of her older colleagues.,"The young policewoman after him the impression, as if she had to make a point in front of her older colleague.",The young policewoman he nighted the impression that she had yet to turn out in front of her older colleague.,59.096307330066224,59.096307330066224,54.29358767574629,59.7610381323568,0.0,5.467450456610514,5.467450456610514,0.72955322265625,0.72955322265625,-0.23233962059020996,-0.6928752064704895,-0.23007309436798096,-0.6910913586616516,0.0,-0.46053558588027954,-0.46053558588027954
common_voice_de_17943895,Das Publikum fordert lautstark eine Zugabe.,The audience loudly demands an encore.,D:\BridgeDEUX\analysis\mobile_benchmark_audio_100\covost2\common_voice_de_17943895.wav,Das Publikum vor der Lautstärke nicht sogar.,2800.471700000003,0.8333333333333334,0.30952380952380953,The audience loudly demands an encore.,The audience loudly demands an encore.,The audience before the volume doesn't even.,The audience in front of the volume doesn't even.,100.0,100.0,33.97529429552292,32.3434590803742,0.0,-1.631835215148719,-1.631835215148719,1.073674201965332,1.073674201965332,-1.2696421146392822,-1.2658510208129883,-1.2777366638183594,-1.271575689315796,0.0,0.0037910938262939453,0.0037910938262939453
common_voice_de_18016742,Konstantinopel war die Hauptstadt des Byzantinischen Reichs.,Constantinople was the capital of the Byzantine Empire.,D:\BridgeDEUX\analysis\mobile_benchmark_audio_100\covost2\common_voice_de_18016742.wav,Und spendi-Nope war die Hauptstand des Byzantinischen Reiks.,2886.167599999908,0.5714285714285714,0.2033898305084746,Constantinople was the capital of the Byzantine Empire.,Constantinople was the capital of the Byzantine Empire.,And spendi-Nope was the main stand of Byzantine Reiks.,And spendi-nope was the main stand of Byzantine Reiks.,100.0,100.0,34.9813040538954,35.523769811175285,0.0,0.542465757279885,0.542465757279885,1.2020885944366455,1.2020885944366455,-1.3947603702545166,-1.371850609779358,-1.5338740348815918,-1.5029785633087158,0.0,0.02290976047515869,0.02290976047515869
common_voice_de_18139045,"Anna, weißt du wo Charlotte ist?","Anna, do you know where Charlotte is?",D:\BridgeDEUX\analysis\mobile_benchmark_audio_100\covost2\common_voice_de_18139045.wav,"Ah na, weißt du, wo Schalotte ist?",2860.600399999953,0.5,0.13333333333333333,"Anna, do you know where Charlotte is?","Anna, do you know where Charlotte is?","Ah, well, do you know where Schalotte is?","Ah, well, do you know where Shalotte is?",100.0,100.0,64.40399672355679,64.74818553851553,0.0,0.3441888149587413,0.3441888149587413,1.2131147384643555,1.2131147384643555,0.10974537581205368,0.5121974349021912,0.19829992949962616,0.4714938998222351,0.0,0.4024520590901375,0.4024520590901375
common_voice_de_18159749,Herr Rahn hat gekräuseltes Haar.,Mr. Rahn has curly/kinky hair.,D:\BridgeDEUX\analysis\mobile_benchmark_audio_100\covost2\common_voice_de_18159749.wav,Herr Hahn hat gekroyseltes Haar.,2948.025799999982,0.4,0.0967741935483871,Mr. Rahn's got her hair curled.,Mr. Rahn's got curled hair.,Mr. Hahn has crooked hair.,Mr. Hahn has crooked hair.,34.47861805257326,39.166997069401724,39.59241017932299,39.59241017932299,4.688379016828463,0.0,-4.688379016828463,-0.03912976756691933,0.7139849662780762,0.2705751657485962,0.2705751657485962,0.29744237661361694,0.29744237661361694,0.7531147338449955,0.0,-0.7531147338449955
common_voice_de_18197872,Hast du dein Ticket nach Görlitz schon gebucht?,Have you booked your ticket to Görlitz already?,D:\BridgeDEUX\analysis\mobile_benchmark_audio_100\covost2\common_voice_de_18197872.wav,Hast du dein Decke nach Görlitz schon gebucht?,2844.32060000006,0.125,0.06521739130434782,Have you booked your ticket to Görlitz yet?,Have you booked your ticket to Görlitz yet?,Have you booked your blanket for Görlitz yet?,Have you booked your blanket for Görlitz yet?,81.72686218044599,81.72686218044599,55.65016767789266,55.65016767789266,0.0,0.0,0.0,0.9196902513504028,0.9196902513504028,0.162611722946167,0.162611722946167,0.16269977390766144,0.16269977390766144,0.0,0.0,0.0
common_voice_de_18201555,Keine Ahnung.,No clue.,D:\BridgeDEUX\analysis\mobile_benchmark_audio_100\covost2\common_voice_de_18201555.wav,Keine Ahnung.,2780.681900000104,0.0,0.0,I don't know.,I don't know.,I don't know.,I don't know.,7.120618081180813,7.120618081180813,7.120618081180813,7.120618081180813,0.0,0.0,0.0,0.5194559097290039,0.5194559097290039,0.5194559097290039,0.5194559097290039,0.5194559097290039,0.5194559097290039,0.0,0.0,0.0
common_voice_de_18202644,Wie lange ist der letzte Ölwechsel her?,When did you last change the oil?,D:\BridgeDEUX\analysis\mobile_benchmark_audio_100\covost2\common_voice_de_18202644.wav,Wie lange ist der letzte Ölwechsel hier?,2885.712699999999,0.14285714285714285,0.02631578947368421,How long has the last oil change been?,How long has the last oil change been?,How long is the last oil change here?,How long is the last oil change here?,30.61949550679856,30.61949550679856,31.246115082211563,31.246115082211563,0.0,0.0,0.0,0.2070869505405426,0.2070869505405426,0.15278840065002441,0.15278840065002441,0.30134135484695435,0.30134135484695435,0.0,0.0,0.0
common_voice_de_18204372,"Das Internet besteht aus vielen Computern, die miteinander verbunden sind.",The Internet consists of many computers which are connected to each other.,D:\BridgeDEUX\analysis\mobile_benchmark_audio_100\covost2\common_voice_de_18204372.wav,"Das Internet besteht aus vielen Computern, die miteinander verwunden sind.",2869.149200000038,0.1,0.013888888888888888,The Internet consists of many computers connected to each other.,The Internet consists of many computers connected to each other.,The Internet consists of many computers that are wound together.,The Internet consists of many computers that are wound together.,84.20825297583269,84.20825297583269,60.63232970600501,60.63232970600501,0.0,0.0,0.0,0.9480491876602173,0.9480491876602173,0.7323585152626038,0.7323585152626038,0.7080346941947937,0.7080346941947937,0.0,0.0,0.0
common_voice_de_18205461,"Meine Lieblingsfarbe ist schwarz, sagte Lola.","My favorite color is black, said Lola.",D:\BridgeDEUX\analysis\mobile_benchmark_audio_100\covost2\common_voice_de_18205461.wav,Bei der Lieblingsfarbe ist Schwarzsagtel Ola.,2882.7817000000096,0.8333333333333334,0.16279069767441862,"My favorite color is black, said Lola.","My favorite color is black, said Lola.",The favorite color is Black Sagittarius Ola.,The favorite color is Schwarzsagenel Ola.,100.0,100.0,46.7252381483289,44.72013721308395,0.0,-2.005100935244947,-2.005100935244947,1.2225332260131836,1.2225332260131836,-0.6197701096534729,-0.7821275591850281,-0.5803067088127136,-0.7260515689849854,0.0,-0.16235744953155518,-0.16235744953155518
common_voice_de_18205535,Dieser Anblick zog zahlreiche Neugierige an.,This sight attracted many curious individuals.,D:\BridgeDEUX\analysis\mobile_benchmark_audio_100\covost2\common_voice_de_18205535.wav,Dieser Anblick zog zahlreiche Neugierige an.,2869.3525000001046,0.0,0.0,This sight attracted many curious ones.,This sight attracted many curious ones.,This sight attracted many curious ones.,This sight attracted many curious ones.,73.92813866414623,73.92813866414623,73.92813866414623,73.92813866414623,0.0,0.0,0.0,0.9593932628631592,0.9593932628631592,0.9593932628631592,0.9593932628631592,0.9593932628631592,0.9593932628631592,0.0,0.0,0.0
common_voice_de_18207208,Da wird Rebecca sich aber freuen!,But Rebecca will be happy!,D:\BridgeDEUX\analysis\mobile_benchmark_audio_100\covost2\common_voice_de_18207208.wav,"Da wird's beweg, hast du dich aber freuen.",3373.620399999936,0.8333333333333334,0.375,Rebecca will be happy!,Rebecca will be happy!,"That's where it's going, but you're happy.","That's where it's going, but you're happy.",86.59621488742657,86.59621488742657,17.855712580199082,17.855712580199082,0.0,0.0,0.0,0.942388117313385,0.942388117313385,-1.1506296396255493,-1.1506296396255493,-1.206209421157837,-1.206209421157837,0.0,0.0,0.0
common_voice_de_18207647,Sie muss Folge leisten.,She has to accomplish.,D:\BridgeDEUX\analysis\mobile_benchmark_audio_100\covost2\common_voice_de_18207647.wav,Sie muss folgellaistens.,3168.160999999941,0.5,0.13636363636363635,She's got to follow.,She's got to follow.,She's got to follow him.,She's got to be consistent.,13.938477829589905,13.938477829589905,15.416838603533927,16.443927056974108,0.0,1.0270884534401805,1.0270884534401805,-0.8186894655227661,-0.8186894655227661,-0.9543710350990295,-0.7972978353500366,-0.9747962355613708,-0.8317262530326843,0.0,0.15707319974899292,0.15707319974899292
common_voice_de_18208631,Die Reaktion von weißem Phosphor mit Sauerstoff ist stark exotherm.,The reaction between white phosphorous and oxygen is powerfully exothermic.,D:\BridgeDEUX\analysis\mobile_benchmark_audio_100\covost2\common_voice_de_18208631.wav,Die Reaktion von weißem Fossform mit Sauerstoff ist stark exotern.,2891.0319999999956,0.2,0.10606060606060606,The reaction of white phosphorus with oxygen is strongly exothermic.,The reaction of white phosphorus with oxygen is strongly exothermic.,The reaction of white fossform with oxygen is strongly external.,The reaction of white fossform with oxygen is strongly external.,55.93342189654044,55.93342189654044,37.077249168315355,37.077249168315355,0.0,0.0,0.0,0.987799346446991,0.987799346446991,-0.11742516607046127,-0.11742516607046127,-0.09651901572942734,-0.09651901572942734,0.0,0.0,0.0
common_voice_de_18209536,Ein Wal ist gestrandet.,A whale stranded.,D:\BridgeDEUX\analysis\mobile_benchmark_audio_100\covost2\common_voice_de_18209536.wav,Ein Wahl ist gestrandet.,2783.6540999999215,0.25,0.045454545454545456,A whale is stranded.,A whale is stranded.,A choice is stranded.,A choice is stranded.,76.22994402220849,76.22994402220849,51.7993557706398,51.7993557706398,0.0,0.0,0.0,1.077612042427063,1.077612042427063,-1.146364688873291,-1.146364688873291,-1.032238245010376,-1.032238245010376,0.0,0.0,0.0
common_voice_de_18210861,Wie ist die derzeitige Verkehrssituation?,How is the current traffic situation?,D:\BridgeDEUX\analysis\mobile_benchmark_audio_100\covost2\common_voice_de_18210861.wav,Wie ist die derzeitige Verkehrsituation?,2902.0302999999785,0.2,0.025,What is the current traffic situation?,What is the current traffic situation?,What is the current traffic situation?,What is the current traffic situation?,88.02622600406582,88.02622600406582,88.02622600406582,88.02622600406582,0.0,0.0,0.0,0.8747968673706055,0.8747968673706055,0.8747969269752502,0.8747969269752502,0.8706734776496887,0.8706734776496887,0.0,0.0,0.0
common_voice_de_18213814,"Abflussrohre sollte man verschließen, damit der Geruch der Kanalisation nicht in die Wohnung steigt.","The drain should be shut, so that the smell from the sewer system does not enter the apartment.",D:\BridgeDEUX\analysis\mobile_benchmark_audio_100\covost2\common_voice_de_18213814.wav,"Abflussrohre sollte man verschließen, damit der Geruch der Kanalisation nicht in die Wohnung steigt.",2977.2384999999986,0.0,0.0,Drain pipes should be closed so that the smell of the sewers does not rise into the apartment.,Drain pipes should be closed so that the smell of the sewerage does not rise into the apartment.,Drain pipes should be closed so that the smell of the sewers does not rise into the apartment.,Drain pipes should be closed so that the smell of the sewers does not rise into the apartment.,54.28910560045419,53.40079854491865,54.28910560045419,54.28910560045419,-0.8883070555355417,0.0,0.8883070555355417,0.7157449126243591,0.7510088086128235,0.7157449126243591,0.7157447934150696,0.7157449126243591,0.7157449126243591,0.035263895988464355,-1.1920928955078125e-07,-0.035264015197753906
common_voice_de_18216712,Hilf mir mal.,Help me.,D:\BridgeDEUX\analysis\mobile_benchmark_audio_100\covost2\common_voice_de_18216712.wav,Hilf mir mal.,2761.937800000055,0.0,0.0,Help me.,Help me.,Help me.,Help me.,100.0,100.0,100.0,100.0,0.0,0.0,0.0,1.2414472103118896,1.2414472103118896,1.2414472103118896,1.2414472103118896,1.2414472103118896,1.2414472103118896,0.0,0.0,0.0
common_voice_de_18218470,"Doch wie sich gerade zeigt, ist das Thema aktueller denn je.","But as it shows right now, the topic is more current than ever.",D:\BridgeDEUX\analysis\mobile_benchmark_audio_100\covost2\common_voice_de_18218470.wav,Doch wie sich gerade Zeit ist das Thema aktueller denn je.,2836.415099999954,0.09090909090909091,0.017241379310344827,"But, as it just shows, the topic is more topical than ever.","But as it just shows, the topic is more topical than ever.",But the topic is more topical than ever before.,"But as time is now, the subject is more topical than ever.",56.524991986445784,60.748944773202176,43.172348810158205,47.91950361126603,4.223952786756392,4.7471548011078255,0.5232020143514333,0.7804528474807739,0.7757064700126648,0.3962153196334839,0.7605711817741394,0.3330651521682739,0.7429885268211365,-0.004746377468109131,0.3643558621406555,0.36910223960876465
common_voice_de_18226103,Ich hätte Sie nicht bestehen lassen.,I would have not let you pass.,D:\BridgeDEUX\analysis\mobile_benchmark_audio_100\covost2\common_voice_de_18226103.wav,Ich hätte sie nicht bestehen lassen.,2840.0990000000093,0.0,0.0,I wouldn't have let you pass.,I wouldn't have let you pass.,I wouldn't have let her pass.,I wouldn't have let her pass.,62.8237722698783,62.8237722698783,39.684568719885796,39.684568719885796,0.0,0.0,0.0,0.8872197866439819,0.8872197866439819,0.3698052763938904,0.3698052763938904,0.3740975856781006,0.3740975856781006,0.0,0.0,0.0
common_voice_de_18226509,Der Strahl wird in kleinste Partikel zerstäubt.,The beam is atomized into smallest particles.,D:\BridgeDEUX\analysis\mobile_benchmark_audio_100\covost2\common_voice_de_18226509.wav,Das Strahl wird den kleinste Partikel zerstöppt.,2929.051399999935,0.42857142857142855,0.15217391304347827,The beam is atomized into the smallest particles.,The beam is atomized into smallest particles.,The beam is toppled to the smallest particle.,The beam is toppled to the smallest particle.,91.17857351869458,100.0,55.78519601724078,55.78519601724078,8.821426481305423,0.0,-8.821426481305423,1.0731186866760254,1.1355400085449219,0.1933545172214508,0.1933545172214508,0.16852682828903198,0.16852682828903198,0.062421321868896484,0.0,-0.062421321868896484
common_voice_de_18226602,Ach du Schreck!,Oh my gosh!,D:\BridgeDEUX\analysis\mobile_benchmark_audio_100\covost2\common_voice_de_18226602.wav,8.00.,3059.94069999997,1.0,1.0,"Oh, my God!","Oh, my God!",8.00.,8.00.,20.429238505747126,20.429238505747126,0.0,0.0,0.0,0.0,0.0,0.8916381001472473,0.8916381001472473,-1.5077435970306396,-1.5077435970306396,-2.2764101028442383,-2.2764101028442383,0.0,0.0,0.0
common_voice_de_18280125,Der Datenschutz ist gewährleistet.,The data protection is guaranteed.,D:\BridgeDEUX\analysis\mobile_benchmark_audio_100\covost2\common_voice_de_18280125.wav,Der Datenschutz ist gewährleistet.,2842.1386999998504,0.0,0.0,Data protection is guaranteed.,Data protection is guaranteed.,Data protection is guaranteed.,Data protection is guaranteed.,81.9309752341619,81.9309752341619,81.9309752341619,81.9309752341619,0.0,0.0,0.0,1.0557754039764404,1.0557754039764404,1.0557754039764404,1.0557754039764404,1.0557754039764404,1.0557754039764404,0.0,0.0,0.0
common_voice_de_18373650,"Die größten Städte Englands sind London, Birmingham und Manchester.","London, Birmingham and Manchester are the biggest cities in England.",D:\BridgeDEUX\analysis\mobile_benchmark_audio_100\covost2\common_voice_de_18373650.wav,"Die größten Städte England sind London, Birmingham und Manchester.",2899.6993000000657,0.1111111111111111,0.015384615384615385,"The largest cities in England are London, Birmingham and Manchester.","The largest cities in England are London, Birmingham and Manchester.","The largest cities in England are London, Birmingham and Manchester.","The largest cities in England are London, Birmingham and Manchester.",77.69514610661486,77.69514610661486,77.69514610661486,77.69514610661486,0.0,0.0,0.0,0.9131649136543274,0.9131649136543274,0.9131649136543274,0.9131649136543274,0.914040207862854,0.914040207862854,0.0,0.0,0.0
common_voice_de_18436715,So viel Tiefgründigkeit traue ich denen nicht zu.,I don't trust them to be that deep.,D:\BridgeDEUX\analysis\mobile_benchmark_audio_100\covost2\common_voice_de_18436715.wav,So viel Eftkondigkeit traue ich den nicht zu.,2948.7536999999975,0.25,0.14583333333333334,I don't trust them to be so profound.,I don't trust them to be so profound.,I don't trust that much eftcondity.,I don't trust that much efasticity.,66.52817232754671,66.52817232754671,48.12679455006613,47.24570447373415,0.0,-0.8810900763319793,-0.8810900763319793,0.6981114745140076,0.6981114745140076,-0.9594938158988953,-0.5847352147102356,-0.8638578057289124,-0.49598440527915955,0.0,0.37475860118865967,0.37475860118865967
common_voice_de_18445748,Insgesamt ist der Sound etwas zu basslastig.,"Overall, the sound is a bit bass-heavy.",D:\BridgeDEUX\analysis\mobile_benchmark_audio_100\covost2\common_voice_de_18445748.wav,Insgesamt ist der Sound etwas zu basstlos dick.,2848.910599999954,0.2857142857142857,0.13953488372093023,"Overall, the sound is a bit too bassy.","Overall, the sound is a bit too bassy.","Overall, the sound is a bit too bassless thick.","Overall, the sound is a bit too bassless.",73.71447935474356,73.71447935474356,70.48714662302889,72.22306055491333,0.0,1.7359139318844399,1.7359139318844399,0.6385465264320374,0.6385465264320374,0.26973479986190796,0.5575761198997498,0.24609708786010742,0.48680931329727173,0.0,0.2878413200378418,0.2878413200378418
common_voice_de_18520278,"Was solls, ich bin bereit.","So what, I’m ready.",D:\BridgeDEUX\analysis\mobile_benchmark_audio_100\covost2\common_voice_de_18520278.wav,Was soll's? Ich bin bereit.,2795.803999999862,0.0,0.0,"What the hell, I'm ready.","What the hell, I'm ready.",I'm ready.,I'm ready.,37.87608215697729,37.87608215697729,35.30680925300479,35.30680925300479,0.0,0.0,0.0,0.7784789204597473,0.7784789204597473,0.8805223703384399,0.8805223703384399,0.8613040447235107,0.8613040447235107,0.0,0.0,0.0
common_voice_de_18593971,"Ja gut, da kann man nichts machen!","Yeah well, there's nothing you can do!",D:\BridgeDEUX\analysis\mobile_benchmark_audio_100\covost2\common_voice_de_18593971.wav,"Ja gut, da kann man nichts machen.",2822.666399999889,0.0,0.0,"Yeah, well, there's nothing you can do!","Yeah, well, there's nothing you can do!","Yeah, well, there's nothing you can do.","Yeah, well, there's nothing you can do.",91.28561162896165,91.28561162896165,85.8669976992142,85.8669976992142,0.0,0.0,0.0,1.0253595113754272,1.0253595113754272,0.977973997592926,0.977973997592926,0.9908704161643982,0.9908704161643982,0.0,0.0,0.0
common_voice_de_18637308,Das kann man auch einfach mit einem scharfen Messer machen.,You can just do it with a sharp knife.,D:\BridgeDEUX\analysis\mobile_benchmark_audio_100\covost2\common_voice_de_18637308.wav,Das kann man auch einfach mit einem Schaffemesser machen.,2856.545800000049,0.2,0.05172413793103448,You can do that with a sharp knife.,You can do that with a sharp knife.,This can also be done easily with a sheep knife.,This can also be done easily with a sheep knife.,68.4279237726683,68.4279237726683,36.663040893225414,36.663040893225414,0.0,0.0,0.0,0.9284540414810181,0.9284540414810181,0.10349177569150925,0.10349177569150925,0.09523990005254745,0.09523990005254745,0.0,0.0,0.0
common_voice_de_18781285,Das Attentat war stümperhaft geplant.,The assassination was planned poorly.,D:\BridgeDEUX\analysis\mobile_benchmark_audio_100\covost2\common_voice_de_18781285.wav,Das Akkontakt war spümpferhaft geplant.,2843.5031000001345,0.4,0.16666666666666666,The assassination was planned to happen.,The assassination was a filthy plan.,The contact was spookyly planned.,The contact was spookyly planned.,75.4228088694837,59.07202152371668,31.763754919346738,31.763754919346738,-16.350787345767024,0.0,16.350787345767024,0.4300456941127777,0.46293672919273376,-0.6191324591636658,-0.6191324591636658,-0.6467087268829346,-0.6467087268829346,0.032891035079956055,0.0,-0.032891035079956055
common_voice_de_18820064,Der Standesbeamte war ein komischer Vogel.,The registrar was a strange bird.,D:\BridgeDEUX\analysis\mobile_benchmark_audio_100\covost2\common_voice_de_18820064.wav,Der Standesbeamte weinkommischer Vogel.,2829.5949000000746,0.5,0.12195121951219512,The registrar was a strange bird.,The registrar was a strange bird.,The registrar of the Weinkommischer Vogel.,The registrar of wine-commandant bird.,100.0,100.0,37.23532757653566,48.11541613659497,0.0,10.880088560059313,10.880088560059313,1.2091846466064453,1.2091846466064453,-1.4347732067108154,-1.2268040180206299,-1.4622540473937988,-1.2262938022613525,0.0,0.20796918869018555,0.20796918869018555
common_voice_de_18982556,Otto wollte sich nicht streiten und gab nach.,Otto didn’t want to fight and gave in.,D:\BridgeDEUX\analysis\mobile_benchmark_audio_100\covost2\common_voice_de_18982556.wav,Also wollte ich mich entscheiden und gar nicht.,3244.7926999998344,0.75,0.3409090909090909,Otto didn't want to fight and gave in.,Otto didn't want to fight and gave in.,So I wanted to make up my mind and not at all.,So I wanted to make up my mind and not at all.,85.97130403790581,85.97130403790581,17.064589690827823,17.064589690827823,0.0,0.0,0.0,1.0258839130401611,1.0258839130401611,-1.2411407232284546,-1.2411407232284546,-1.2293388843536377,-1.2293388843536377,0.0,0.0,0.0
common_voice_de_19059081,Unter der Plane wächst nichts.,Nothing will increase under these plans.,D:\BridgeDEUX\analysis\mobile_benchmark_audio_100\covost2\common_voice_de_19059081.wav,unter der blaben wächst nichts.,3142.9562999999234,0.2,0.10344827586206896,Nothing grows under the tarpaulin.,Nothing grows under the tarpaulin.,Under the blabs nothing grows.,Nothing grows under the blabs.,33.776456122086934,33.776456122086934,24.771529537702307,32.98344259496116,0.0,8.211913057258855,8.211913057258855,-1.1407954692840576,-1.1407954692840576,-0.6645414233207703,-0.6450135111808777,-0.7742571830749512,-0.6335148215293884,0.0,0.019527912139892578,0.019527912139892578
common_voice_de_19096527,Ab jetzt noch achtundvierzig Stunden.,Still 48 hours from now.,D:\BridgeDEUX\analysis\mobile_benchmark_audio_100\covost2\common_voice_de_19096527.wav,Ab jetzt noch 48 Stunden.,2866.9589000000997,0.2,0.3888888888888889,"From now on, forty-eight hours.","From now on, forty-eight hours.","From now on, 48 hours.","From now on, 48 hours.",31.177469464807857,31.177469464807857,45.12518865013086,45.12518865013086,0.0,0.0,0.0,-0.5500389337539673,-0.5500389337539673,-0.005984114482998848,-0.005984114482998848,0.04274877905845642,0.04274877905845642,0.0,0.0,0.0
common_voice_de_19119155,"Vier Jahre später erlitt sein Vater einen Jagdunfall, der ihn arbeitsunfähig machte.",Four years later his father suffered an accident while hunting which made him unable to work.,D:\BridgeDEUX\analysis\mobile_benchmark_audio_100\covost2\common_voice_de_19119155.wav,Fähre später Litzendfatter in Jaktunfall den Arbeitsunfähig machte.,2942.969299999959,0.75,0.3048780487804878,"Four years later, his father suffered a hunting accident that made him unable to work.","Four years later, his father suffered a hunting accident that made him unable to work.",Ferries later Litzendfatter in Jakt accident made the work unfit.,He later left Litzendfatter in a jakt accident to be unable to work.,72.3462422300201,72.3462422300201,23.30086159007978,31.023272822446764,0.0,7.722411232366984,7.722411232366984,0.8990581631660461,0.8990581631660461,-1.2774364948272705,-1.1026029586791992,-1.3954927921295166,-1.140376329421997,0.0,0.1748335361480713,0.1748335361480713
common_voice_de_19119254,Er wurde Mitglied des Heilbronner Künstlerbundes und malte gemeinsam mit Wilhelm Schäffer.,He was a member of the Heilbronn artist association and painted together with Wilhelm Schäffer.,D:\BridgeDEUX\analysis\mobile_benchmark_audio_100\covost2\common_voice_de_19119254.wav,Er wurde Mitglied des Heilbrunner Künstlerbundes und malte gemeinsam mit welchem Schaffer.,2975.5069000000276,0.25,0.056179775280898875,He became a member of the Heilbronner Künstlerbund and painted together with Wilhelm Schäffer.,He became a member of the Heilbronner Künstlerbund and painted together with Wilhelm Schäffer.,He became a member of the Heilbrunner Künstlerbund and painted together with which conductor.,He became a member of the Heilbrunner Künstlerbund and painted together with which conductor.,70.1969112136735,70.1969112136735,51.26215173677738,51.26215173677738,0.0,0.0,0.0,0.7705458998680115,0.7705458998680115,0.05772222578525543,0.05772222578525543,0.047322407364845276,0.047322407364845276,0.0,0.0,0.0
common_voice_de_19120207,Die Pfarrkirche des Ortes war dem Heiligen Martin gewidmet.,The local parish church was dedicated to Saint Martin.,D:\BridgeDEUX\analysis\mobile_benchmark_audio_100\covost2\common_voice_de_19120207.wav,Die Parköche des Ortes war dem Heiligen Martin gefilmt.,2871.711000000005,0.2222222222222222,0.1206896551724138,The parish church of the village was dedicated to Saint Martin.,The parish church of the village was dedicated to Saint Martin.,The park of the village was filmed to Saint Martin.,The park of the village was filmed to Saint Martin.,76.4458525725752,76.4458525725752,42.65073579555309,42.65073579555309,0.0,0.0,0.0,0.8859068751335144,0.8859068751335144,-1.2258135080337524,-1.2258135080337524,-1.2615455389022827,-1.2615455389022827,0.0,0.0,0.0
common_voice_de_19121846,"Gorki gab dem angehenden Schriftsteller den Rat, sich mehr Lebenserfahrung zu verschaffen.",Gorki advised the budding writer to gain more life experience.,D:\BridgeDEUX\analysis\mobile_benchmark_audio_100\covost2\common_voice_de_19121846.wav,Gorki gab den engen Schrifteller den Rat sich mehr Lebensverfahren zu verschaffen.,2901.822999999922,0.3333333333333333,0.13636363636363635,Gorki advised the prospective writer to gain more life experience.,Gorki advised the prospective writer to gain more life experience.,Gorki advised the close scribe to get more life procedures.,Gorki advised the close scribe to get more life procedures.,81.45268246399117,81.45268246399117,44.37251414641926,44.37251414641926,0.0,0.0,0.0,0.9422536492347717,0.9422536492347717,-0.3638346195220947,-0.3638346195220947,-0.33757174015045166,-0.33757174015045166,0.0,0.0,0.0
common_voice_de_19121902,Aus dieser Ehe stammt die Schauspielerin und Sängerin Laura Schneiderhan.,Actress and singer Laura Schneiderhan comes from this marriage.,D:\BridgeDEUX\analysis\mobile_benchmark_audio_100\covost2\common_voice_de_19121902.wav,Aus diese Echstammlische aus Berlin sind gerade in der Laura Schneide an.,3711.90189999993,1.0,0.4166666666666667,From this marriage comes the actress and singer Laura Schneiderhan.,From this marriage comes the actress and singer Laura Schneiderhan.,These lizards from Berlin are currently in Laura Schneide.,From these Echstammlische from Berlin are just in the Laura Schneide.,78.15253671017376,78.15253671017376,29.753356521748977,30.339884280987185,0.0,0.5865277592382085,0.5865277592382085,0.7328322529792786,0.7328322529792786,-1.3425607681274414,-1.4930245876312256,-1.4146620035171509,-1.7175356149673462,0.0,-0.15046381950378418,-0.15046381950378418
common_voice_de_19124483,Das Land musste neu aufgebaut werden und brauchte gebildete junge Menschen.,"The country had to be rebuilt and needed educated, young people.",D:\BridgeDEUX\analysis\mobile_benchmark_audio_100\covost2\common_voice_de_19124483.wav,Das Land muss der neue Aufgebaut werden und braucht die gebildete junge Menschen.,2890.4889000000367,0.45454545454545453,0.0945945945945946,The country had to be rebuilt and needed educated young people.,The country had to be rebuilt and needed educated young people.,The country must be built up and needs the educated young people.,The country must be built up and needs the educated young people.,92.4095910299485,92.4095910299485,56.03232466990988,56.03232466990988,0.0,0.0,0.0,0.8665879368782043,0.8665879368782043,0.7085151076316833,0.7085151076316833,0.7004008293151855,0.7004008293151855,0.0,0.0,0.0
common_voice_de_19125901,Sowohl Thomas Howard als auch Margaret Douglas wurden im Tower of London gefangen gesetzt.,Both Thomas Howard and Margaret Douglas were imprisoned in the Tower of London.,D:\BridgeDEUX\analysis\mobile_benchmark_audio_100\covost2\common_voice_de_19125901.wav,Sobald Thomas Howard als auch Margaret Douglas wurden im Kauerfluten gefangen gesetzt.,2945.7645999998476,0.2857142857142857,0.15730337078651685,Both Thomas Howard and Margaret Douglas were captured in the Tower of London.,Both Thomas Howard and Margaret Douglas were captured in the Tower of London.,As soon as Thomas Howard and Margaret Douglas were captured in the Kauerfluten.,As soon as Thomas Howard and Margaret Douglas were captured in the Kauerfluten.,85.68284288440297,85.68284288440297,58.58588531338065,58.58588531338065,0.0,0.0,0.0,0.7910601496696472,0.7910601496696472,-1.0855309963226318,-1.0855309963226318,-1.1031289100646973,-1.1031289100646973,0.0,0.0,0.0
common_voice_de_19128944,Im Personenverkehr diente die Strecke vornehmlich lokalen Interessen.,The route primarily served local interests in terms of passenger transport.,D:\BridgeDEUX\analysis\mobile_benchmark_audio_100\covost2\common_voice_de_19128944.wav,Im Personenverkehr diente die Strecke vornehmlich lokalen Interessen.,2876.172600000018,0.0,0.0,"In passenger transport, the route served mainly local interests.","In passenger transport, the route served mainly local interests.","In passenger transport, the route served mainly local interests.","In passenger transport, the route served mainly local interests.",54.96238486683838,54.96238486683838,54.96238486683838,54.96238486683838,0.0,0.0,0.0,0.80658358335495,0.80658358335495,0.80658358335495,0.80658358335495,0.80658358335495,0.80658358335495,0.0,0.0,0.0
common_voice_de_19140417,Dabei durfte die historische Fassade nicht beschädigt werden.,The historic facade was therefore not allowed to be damaged.,D:\BridgeDEUX\analysis\mobile_benchmark_audio_100\covost2\common_voice_de_19140417.wav,Dabei durfte die historische Fassade nicht beschädigt werden.,2867.2134999999344,0.0,0.0,The historic facade was not to be damaged.,The historical facade was not to be damaged.,The historic facade was not to be damaged.,The historical facade was not to be damaged.,64.63132055954884,56.978436702301636,64.63132055954884,56.978436702301636,-7.652883857247204,-7.652883857247204,0.0,0.7848103642463684,0.7775209546089172,0.7848103642463684,0.7775209546089172,0.7848103642463684,0.7775209546089172,-0.007289409637451172,-0.007289409637451172,0.0
common_voice_de_19152628,"Vor der Kirche befindet sich ein Taufstein, in den Menschendarstellungen und Symbole eingearbeitet sind.",In front of the church is a font in which human figures and symbols have been embedded.,D:\BridgeDEUX\analysis\mobile_benchmark_audio_100\covost2\common_voice_de_19152628.wav,Vor der Küche befindet sich ein Taufstein in dem Menschendarstellung und sowohl eingearbeitet sind.,3004.9178000001575,0.2857142857142857,0.09803921568627451,In front of the church there is a baptismal font in which human representations and symbols are incorporated.,In front of the church there is a baptismal font in which human representations and symbols are incorporated.,In front of the kitchen there is a baptismal font in which human representation and both are incorporated.,In front of the kitchen there is a baptismal font in which human representation and both are incorporated.,59.683953498970446,59.683953498970446,45.32382524034349,45.32382524034349,0.0,0.0,0.0,0.5685779452323914,0.5685779452323914,-0.4661625921726227,-0.4661625921726227,-0.35289716720581055,-0.35289716720581055,0.0,0.0,0.0
common_voice_de_19155513,Als staatlicher Feiertag gilt er für staatliche Angestellte und Beamte.,It's a national holiday for government employees and officials.,D:\BridgeDEUX\analysis\mobile_benchmark_audio_100\covost2\common_voice_de_19155513.wav,Als staatlicher Feiertag gilt er für staatliche Angestelle und Beamte.,2880.8910000000196,0.1,0.014285714285714285,He is considered to be a public holiday for state employees and civil servants.,He is considered to be a state holiday for state employees and civil servants.,He is considered to be a public holiday for state officials and officials.,It is considered to be a public holiday for state officials and officials.,39.82204811717382,39.71821744062612,42.93911503961495,43.39062508228761,-0.10383067654770173,0.45151004267266615,0.5553407192203679,-0.6762639880180359,-0.7679696679115295,-0.6500964760780334,0.45875632762908936,-0.6287206411361694,0.4608595669269562,-0.09170567989349365,1.1088528037071228,1.2005584836006165
common_voice_de_19156087,"Ihre Fotostrecken erschienen in Modemagazinen wie der Vogue, Harper’s Bazaar und Marie Claire.","Their photo series appear in fashion magazines like Vogue, Harper’s Bazaar, and Marie Claire.",D:\BridgeDEUX\analysis\mobile_benchmark_audio_100\covost2\common_voice_de_19156087.wav,"Die Rufvorte strecken ja schienen mit monobarer Ziegen mit der Rook, hat das da sah aber rückgär.",4265.980200000058,1.2307692307692308,0.5494505494505495,"Her photographs appeared in fashion magazines such as Vogue, Harper, Bazaar, and Marie Claire.","Her photographs appeared in fashion magazines such as Vogue, Harpers Bazaar and Marie Claire.","The call foreman seemed to stretch with monobar goats with the Rook, but saw that back.","The call foreman seemed to stretch with monobar goats with the Rook, but saw that back-drained.",65.78268036827363,61.32469458796942,10.57756940369353,11.806366637033396,-4.457985780304213,1.228797233339865,5.686783013644078,0.7502501606941223,0.7365821003913879,-1.8314735889434814,-1.8669991493225098,-2.231715202331543,-2.2418932914733887,-0.013668060302734375,-0.03552556037902832,-0.021857500076293945
common_voice_de_19163435,Der Pfarrhof war von da an von Weltgeistlichen bewohnt.,"From then on, the rectory was inhabited by clergymen.",D:\BridgeDEUX\analysis\mobile_benchmark_audio_100\covost2\common_voice_de_19163435.wav,Der Verhoff war von der an von weltgeistlichen Bewohnt.,2870.401700000002,0.2222222222222222,0.12962962962962962,The vicarage was inhabited from then on by world clergymen.,"From then on, the vicarage was inhabited by world clergymen.",The Verhoff was inhabited by worldly clergymen from that time on.,The Verhoff was from the beginning inhabited by worldly spiritual.,55.51246773126174,73.73060919102453,49.94609204328854,34.01317870295473,18.21814145976279,-15.932913340333805,-34.151054800096595,0.22981196641921997,0.31901824474334717,-0.16007819771766663,-1.0220404863357544,-0.22802266478538513,-1.0466923713684082,0.0892062783241272,-0.8619622886180878,-0.951168566942215
common_voice_de_19163610,Die bundesdeutsche Anti-Atom-Bewegung erlebte in Brokdorf ihren unaufhaltsamen Aufstieg und ihre größten Niederlagen.,The West German Anti-Nuclear Movement had its unstoppable ascent and greatest defeats in Brokdorf.,D:\BridgeDEUX\analysis\mobile_benchmark_audio_100\covost2\common_voice_de_19163610.wav,Die Bundesdeutschantheatomenbewegung erlebt in Proktor ihren unerfaltsamen Aufstieg und ihrer größten Niederlagen.,3047.4300000000767,0.46153846153846156,0.12280701754385964,The German anti-atom movement experienced its unstoppable rise and greatest defeats in Brokdorf.,The German anti-atom movement in Brokdorf experienced its unstoppable rise and its greatest defeats.,The Bundesdeutscheantheatomen Movement is experiencing its inexplicable ascent and its greatest defeats in Proktor.,"In Proktor, the Bundesdeutscheantheatomen Movement experiences its inexplicable ascension and its greatest defeats.",60.91179758721448,53.108304168714795,45.738102599524765,37.551673742926965,-7.803493418499684,-8.1864288565978,-0.3829354380981158,0.7666530609130859,0.6498705744743347,-0.8157738447189331,-0.582955539226532,-0.8335289359092712,-0.5340027213096619,-0.11678248643875122,0.23281830549240112,0.34960079193115234
common_voice_de_19164256,Die Marke Lipton gehört heute zu Unilever.,The Lipton brand is now part of Unilever.,D:\BridgeDEUX\analysis\mobile_benchmark_audio_100\covost2\common_voice_de_19164256.wav,Die Marke Lippen gehört heute zu Unilever.,2824.324800000113,0.14285714285714285,0.04878048780487805,The Lipton brand belongs to Unilever today.,The Lipton brand belongs to Unilever today.,The brand Lips belongs to Unilever today.,The brand Lips belongs to Unilever today.,53.43205722986302,53.43205722986302,33.90266960257843,33.90266960257843,0.0,0.0,0.0,0.843681275844574,0.843681275844574,0.3971358835697174,0.3971358835697174,0.35365355014801025,0.35365355014801025,0.0,0.0,0.0
common_voice_de_19166335,Für seinen Einsatz in Nordafrika erhielt er mehrere italienische und deutsche Auszeichnungen.,He received numerous Italian and German awards for his work in North Africa.,D:\BridgeDEUX\analysis\mobile_benchmark_audio_100\covost2\common_voice_de_19166335.wav,Für seinen Einsatz in Nordafrika hält der mehrere italienische und deutsche Auszeichnen.,2892.1439999999166,0.25,0.08695652173913043,He received several Italian and German awards for his work in North Africa.,He received several Italian and German awards for his work in North Africa.,He holds several Italian and German awards for his work in North Africa.,He has won several Italian and German awards for his work in North Africa.,85.30154208216443,85.30154208216443,76.45421424421095,75.99747797238929,0.0,-0.4567362718216543,-0.4567362718216543,0.9645020961761475,0.9645020961761475,0.8389995098114014,0.8828574419021606,0.827458918094635,0.8665463328361511,0.0,0.04385793209075928,0.04385793209075928
common_voice_de_19275763,Daneben veröffentlichte er mehrere Bücher über den Bau und die Konstruktion von Dampflokomotiven.,He also published several books on steam locomotive building and construction.,D:\BridgeDEUX\analysis\mobile_benchmark_audio_100\covost2\common_voice_de_19275763.wav,Dann eben veröffentlichte Ermierere Bücher über den Bau und die Konstruktion von Trumpf Lokomotiven.,3013.3961999999883,0.46153846153846156,0.09375,He also published several books on the construction and construction of steam locomotives.,He also published several books on the construction and construction of steam locomotives.,Then Ermierre published books on the construction and construction of trump locomotives.,Then Ermierre published books on the construction and construction of trump locomotives.,75.22487231627468,75.22487231627468,46.545090519873725,46.545090519873725,0.0,0.0,0.0,0.9976099133491516,0.9976099133491516,-0.2731749713420868,-0.2731749713420868,-0.3422203063964844,-0.3422203063964844,0.0,0.0,0.0
common_voice_de_19298932,Der Entwurf verfehlte dennoch die notwendige Zweidrittelmehrheit.,The proposal is still missing the required two-thirds majority.,D:\BridgeDEUX\analysis\mobile_benchmark_audio_100\covost2\common_voice_de_19298932.wav,Der Endwolf verfehlt dennoch die notwendige Zweiterittel Mehrheit.,2990.1519000000008,0.5714285714285714,0.109375,The draft nevertheless missed the necessary two-thirds majority.,The draft nevertheless missed the necessary two-thirds majority.,The endwolf nevertheless misses the necessary second-third majority.,The Endwolf still misses the necessary second-third majority.,41.93834158748255,41.93834158748255,30.496886172059305,37.68594547144506,0.0,7.189059299385754,7.189059299385754,0.5578015446662903,0.5578015446662903,-0.5968480706214905,-0.5025871992111206,-0.5104503631591797,-0.4126414358615875,0.0,0.09426087141036987,0.09426087141036987
common_voice_de_19505421,Messe in der Kapelle an allen Festtagen gestattet.,Mass is permitted in the chapel on all holidays.,D:\BridgeDEUX\analysis\mobile_benchmark_audio_100\covost2\common_voice_de_19505421.wav,Messen in der Kapelle an allen Festtagen gestartet.,2878.1674999997904,0.25,0.04081632653061224,Mass in the chapel allowed on all feast days.,Mass in the chapel allowed on all feast days.,Fairs started in the chapel on all feast days.,Masses started in the chapel on all feast days.,47.426254865947385,47.426254865947385,54.40546085224809,55.505338556343375,0.0,1.0998777040952845,1.0998777040952845,0.15131771564483643,0.15131771564483643,-0.5353430509567261,-0.16063278913497925,-0.6017499566078186,-0.18835827708244324,0.0,0.3747102618217468,0.3747102618217468
common_voice_de_19534801,Dieses Maß wird in Zoll angegeben.,This measure is given in inches.,D:\BridgeDEUX\analysis\mobile_benchmark_audio_100\covost2\common_voice_de_19534801.wav,Die Schmarswirtz in den Scholl angegeben.,3451.713300000165,0.8333333333333334,0.45454545454545453,This measure shall be indicated in customs.,This measure shall be indicated in customs.,The Schmarswirtz is indicated in the Scholl.,The Schmarswirtz is indicated in the Scholl.,41.17169196402236,41.17169196402236,16.459116206327916,16.459116206327916,0.0,0.0,0.0,-0.7942255139350891,-0.7942255139350891,-1.4983246326446533,-1.4983246326446533,-1.6733369827270508,-1.6733369827270508,0.0,0.0,0.0
common_voice_de_19542915,Nagoya wird unter anderem von Lufthansa täglich von Frankfurt am Main aus angeflogen.,Flights to Nagoya from Frankfurt am Main are operated daily by Lufthansa and others.,D:\BridgeDEUX\analysis\mobile_benchmark_audio_100\covost2\common_voice_de_19542915.wav,"Nagoya Verdunter-Anderem von Lufthansa, Teglich von Frankfurt, Amine, Alsangoflogen.",4392.249699999866,0.6153846153846154,0.14285714285714285,"Among other things, Nagoya is served daily from Frankfurt am Main by Lufthansa.","Among other things, Nagoya is served daily from Frankfurt am Main by Lufthansa.","Nagoya Verdunter-Other from Lufthansa, Tedälich from Frankfurt, Amine, Alsangoflogen.","Nagoya Verdunter-Other from Lufthansa, Tedäglich from Frankfurt, Amine, Alsangoflogen.",52.32968910303616,52.32968910303616,33.965964681169055,33.88941073353035,0.0,-0.0765539476387076,-0.0765539476387076,0.43932366371154785,0.43932366371154785,-1.2647557258605957,-1.2787225246429443,-1.4205152988433838,-1.4580392837524414,0.0,-0.013966798782348633,-0.013966798782348633
common_voice_de_19579120,Es gibt vier Staubblätter.,There are four stamens.,D:\BridgeDEUX\analysis\mobile_benchmark_audio_100\covost2\common_voice_de_19579120.wav,Es gibt vier Staublitter.,2802.7543000000605,0.25,0.08,There are four stamens.,There are four stamens.,There are four stamens.,There are four stamens.,100.0,100.0,100.0,100.0,0.0,0.0,0.0,1.1729700565338135,1.1729700565338135,1.1729700565338135,1.1729700565338135,1.1587657928466797,1.1587657928466797,0.0,0.0,0.0
common_voice_de_19588101,Daher verpasste er den Saisonauftakt und kehrte erst Ende März zurück ins Training.,So he missed the season opener and only returned to training at the end of March.,D:\BridgeDEUX\analysis\mobile_benchmark_audio_100\covost2\common_voice_de_19588101.wav,Daher verpasste er den Seitenauftakt unkehrt erst und dem Herz zu rück in Training.,2975.868700000092,0.6923076923076923,0.17073170731707318,So he missed the start of the season and returned to training only at the end of March.,So he missed the start of the season and returned to training only at the end of March.,"Therefore, he missed the side opening unturned first and put the heart back into training.",So he missed the page opening unturned first and put the heart back into training.,76.22895931050887,76.22895931050887,39.15079081670408,41.59755855096796,0.0,2.4467677342638794,2.4467677342638794,0.8243723511695862,0.8243722319602966,-0.7191880941390991,-0.5895956158638,-0.8590679168701172,-0.7043086290359497,-1.1920928955078125e-07,0.12959247827529907,0.12959259748458862
common_voice_de_19597585,Bei Siebmacher ist der Wappenschild waagrecht geteilt in Silber und Schwarz.,"With Siebmacher, the coat of arms is horizontally divided into silver and black.",D:\BridgeDEUX\analysis\mobile_benchmark_audio_100\covost2\common_voice_de_19597585.wav,"Bei Ziegmaker ist der vakusche Frage, wenn ich die Pägel will, auch Spaß.",3907.491200000095,0.9090909090909091,0.56,At Siebmacher the coat of arms sign is horizontally divided into silver and black.,"At Siebmacher, the coat of arms sign is horizontally divided into silver and black.","With Ziegmaker, the vacuum question, if I want the pails, is also fun.","With Ziegmaker, the vacuum question, if I want the pails, is also fun.",83.56185691330593,89.72265523430909,19.5336285299902,19.5336285299902,6.160798321003156,0.0,-6.160798321003156,0.7123838067054749,0.7235391736030579,-1.3264325857162476,-1.3264325857162476,-1.3420488834381104,-1.3420488834381104,0.011155366897583008,0.0,-0.011155366897583008
common_voice_de_19600363,Seit ihrem achten Lebensjahr bekam sie Tanzunterricht.,She received dance lessons from the age of eight.,D:\BridgeDEUX\analysis\mobile_benchmark_audio_100\covost2\common_voice_de_19600363.wav,Seit ihrem achten Lebensjahr bekamen sie Tanzunterricht.,2836.6723000001457,0.14285714285714285,0.03773584905660377,She has had dance lessons since she was eight years old.,She has had dance lessons since she was eight years old.,"Since she was eight years old, they have been taught dance.","Since they were eight years old, they had been taught dance.",37.49841879199117,37.49841879199117,22.68439872797852,22.31388770935349,0.0,-0.3705110186250309,-0.3705110186250309,0.7213144898414612,0.7213144898414612,0.14832186698913574,-0.20701272785663605,0.14000555872917175,-0.19408917427062988,0.0,-0.3553345948457718,-0.3553345948457718
common_voice_de_19600894,Als Sühne versucht er seine Neigung mit finanziellen Wohltaten zu kompensieren.,"As an atonement, he tries to compensate for his tendency with monetary donations.",D:\BridgeDEUX\analysis\mobile_benchmark_audio_100\covost2\common_voice_de_19600894.wav,Als Süne versucht er seine Eingung mit finanziellen Wultaten zu kompensieren.,2976.277100000061,0.2727272727272727,0.0641025641025641,"As an atonement, he tries to compensate his inclination with financial benefits.","As an atonement, he tries to compensate for his inclination with financial benefits.","As a sin, he tries to compensate his objection with financial bulwark.","As a sin, he tries to compensate his objection with financial bulwarks.",59.76069972852611,67.02837658800085,40.77825113997914,40.87323609196608,7.26767685947474,0.09498495198693746,-7.172691907487803,0.6019489169120789,0.6436406970024109,-0.28690481185913086,-0.24723650515079498,-0.2753840386867523,-0.24443243443965912,0.04169178009033203,0.039668306708335876,-0.002023473381996155
common_voice_de_19607883,Katarina Srebotnik und Nenad Zimonjić waren die Titelverteidiger.,Katarina Srebotnik and Nenad Zimonjić were the defending champions.,D:\BridgeDEUX\analysis\mobile_benchmark_audio_100\covost2\common_voice_de_19607883.wav,"Katharina, Srebotnik und Nenazimonich, schwann die Titelverteile.",2926.6095000000405,0.625,0.234375,Katarina Srebotnik and Nenad Zimonjić were the defending champions.,Katarina Srebotnik and Nenad Zimonjić were the defending champions.,"Katharina, Srebotnik and Nenazimonich, swan the titles.","Katharina, Srebotnik and Nenazimonich, swan the titles.",100.0,100.0,36.29163856431254,36.29163856431254,0.0,0.0,0.0,1.1798808574676514,1.1798808574676514,-0.9523051381111145,-0.9523051381111145,-1.0239094495773315,-1.0239094495773315,0.0,0.0,0.0
common_voice_de_19612448,"Laut Clamp dienen diese beiden Manga dazu, das gesamte Clamp-Universum zu verbinden.","According to Clamp, both of these manga series serve to connect the entire Clamp universe.",D:\BridgeDEUX\analysis\mobile_benchmark_audio_100\covost2\common_voice_de_19612448.wav,"Laut Kamp, dienen die Zwei de Mangagert zu, das Kaisante Kamp, Universum zu verbinden.",4113.440600000104,0.75,0.24691358024691357,"According to Clamp, these two manga serve to connect the entire Clamp universe.","According to Clamp, these two manga serve to connect the entire Clamp universe.","According to Kamp, the two de Mangagert serve to connect the Kaisante Kamp to universe.","According to Kamp, the Zwei de Mangagert serve to connect the Kaisante Kamp to the universe.",77.35892837316698,77.35892837316698,48.29677046394866,48.75805452294959,0.0,0.4612840590009313,0.4612840590009313,0.9795963168144226,0.9795963168144226,-1.108168363571167,-1.1673729419708252,-1.156242847442627,-1.2060881853103638,0.0,-0.0592045783996582,-0.0592045783996582
common_voice_de_19616009,Die Auszeichnung wird teilweise als Ehre oder Preis verstanden.,The award is partly considered an honor or prize.,D:\BridgeDEUX\analysis\mobile_benchmark_audio_100\covost2\common_voice_de_19616009.wav,Die Auszeichnung wird teilweise als Ehre oder Preis verstanden.,2846.94740000009,0.0,0.0,The award is partly understood as an honor or prize.,The award is partly understood as an honor or prize.,The award is partly understood as an honor or prize.,The award is partly understood as an honor or prize.,73.84085725112682,73.84085725112682,73.84085725112682,73.84085725112682,0.0,0.0,0.0,0.9255228042602539,0.9255228042602539,0.9255228042602539,0.9255228042602539,0.9255228042602539,0.9255228042602539,0.0,0.0,0.0
common_voice_de_19617317,"Weitere wichtige Industriezweige sind die Mikromechanik, Galvanoplastik, Metallbau und die Holzverarbeitung.","Other important industry branches include micromechanics, electrotyping, metal construction, and woodworking.",D:\BridgeDEUX\analysis\mobile_benchmark_audio_100\covost2\common_voice_de_19617317.wav,"Weitere wichtige Industriezweige sind die Mikro Mechanik, Galvano Plastik, Metallbau und die Holzverarbeitung.",2997.953800000005,0.36363636363636365,0.01904761904761905,"Other important industries are micromechanics, galvanoplasty, metal construction and wood processing.","Other important industries are micromechanics, galvanoplasty, metal construction and wood processing.","Other important industries are micro mechanics, galvano plastic, metal construction and wood processing.","Other important industries are micro mechanics, galvano plastic, metal construction and wood processing.",56.49480801262293,56.49480801262293,54.41709706848712,54.41709706848712,0.0,0.0,0.0,0.8686784505844116,0.8686784505844116,0.6977280974388123,0.6977280974388123,0.7150093913078308,0.7150093913078308,0.0,0.0,0.0
common_voice_de_19618761,Ein altes Backhaus ist auch heute noch in Betrieb und Mittelpunkt des Ortsteiles.,An old bakery is still in operation today and is the central point of the district.,D:\BridgeDEUX\analysis\mobile_benchmark_audio_100\covost2\common_voice_de_19618761.wav,Ein altes Backhaus ist auch heute noch in Betrieb und Mittelpunkt des Ortsdanners.,2921.981100000039,0.07692307692307693,0.0625,An old bakery is still in operation and the centre of the district.,An old bakery is still in operation and the centre of the district.,An old baking house is still in operation and the center of the village.,An old bakery is still in operation and the centre of the village.,70.11393202049362,70.11393202049362,48.48123722112517,57.8916761788187,0.0,9.410438957693529,9.410438957693529,0.6176428198814392,0.6176426410675049,0.3346328139305115,0.42350322008132935,0.29933661222457886,0.3728542923927307,-1.7881393432617188e-07,0.08887040615081787,0.0888705849647522
common_voice_de_19622933,Sein Sohn war der Politiker Hartwig von Rheden.,His son was politician Hartwig von Rheden.,D:\BridgeDEUX\analysis\mobile_benchmark_audio_100\covost2\common_voice_de_19622933.wav,Sons war der Politik auf hart weg von reden.,2797.1763000000465,0.875,0.2826086956521739,His son was the politician Hartwig von Rheden.,His son was the politician Hartwig von Rheden.,Sons was talking politics hard away.,Sons was talking about politics on the hard way.,90.592363464127,90.592363464127,21.688754172393025,22.955176300835024,0.0,1.2664221284419988,1.2664221284419988,0.8290396332740784,0.8290396332740784,-1.2739934921264648,-1.2318390607833862,-1.2885197401046753,-1.2761074304580688,0.0,0.04215443134307861,0.04215443134307861
common_voice_de_19625120,Ein großer Teil der Conciergerie wird heute für die Pariser Gerichte genutzt.,A large part of the Conciergerie is now used for the Parisian courts.,D:\BridgeDEUX\analysis\mobile_benchmark_audio_100\covost2\common_voice_de_19625120.wav,Ein großer Teil der Grundsjargerie will heute für die Paräser gerecht genutzt.,2916.1154999999326,0.3333333333333333,0.15789473684210525,A large part of the conciergery is now used for the Parisian dishes.,A large part of the conciergery is now used for the Parisian dishes.,A large part of the Grundsjargerie today wants to be used fairly for the Paräser.,A large part of the Grundsjargerie wants to be used for the Paräser fair today.,75.30641303527707,75.30641303527707,49.032642610107445,52.729233715607826,0.0,3.6965911055003815,3.6965911055003815,0.27906933426856995,0.27906906604766846,-1.049107551574707,-0.9562561511993408,-1.1200101375579834,-1.0403056144714355,-2.682209014892578e-07,0.09285140037536621,0.0928516685962677
common_voice_de_19628118,"Der Innenraum trägt eine flache Holzdecke, an der Nord- und Westwand sind Emporen angebracht.",The interior has a flat wooden ceiling; galleries have been installed on the north and west walls.,D:\BridgeDEUX\analysis\mobile_benchmark_audio_100\covost2\common_voice_de_19628118.wav,Der Innenraum trägt eine Flacherholstecke an der Nord und bestrand sind emporen angebracht.,2930.5117000001246,0.21428571428571427,0.05555555555555555,"The interior has a flat wooden ceiling, on the north and west wall are towers attached.","The interior has a flat wooden ceiling, on the north and west walls there are entrances attached.",The interior has a flatholstery on the north and beach are mounted up.,The interior is fitted with a flatholstery on the north and the beach is elevated.,64.42808234771707,66.9819830031932,41.76898828994688,35.88400162441968,2.5539006554761414,-5.884986665527201,-8.438887321003342,0.27949637174606323,0.2909257709980011,-1.0343890190124512,-0.682606041431427,-1.0697596073150635,-0.7144712805747986,0.011429399251937866,0.35178297758102417,0.3403535783290863
common_voice_de_19649452,"Die Partei war damit zwar gerettet, doch wurde die Parteiführung anschließend verhaftet.","Although this did save the party, the party leader was subsequently arrested.",D:\BridgeDEUX\analysis\mobile_benchmark_audio_100\covost2\common_voice_de_19649452.wav,"Die Partei war damit zwar gerettet, durch Wurde die Parteiführung anschließend fragt das.",3068.6092000000826,0.25,0.11627906976744186,"The party was rescued, but the party leadership was subsequently arrested.","The party was rescued, but the party leadership was subsequently arrested.","The party was saved by this, and the party leadership then asked.","The party was rescued by this, but the party leadership then asked that question.",57.694160359826974,57.694160359826974,37.1266344512775,37.09022819527981,0.0,-0.036406255997690096,-0.036406255997690096,0.33434608578681946,0.33434608578681946,-0.5028807520866394,-0.309745192527771,-0.5835610032081604,-0.34733355045318604,0.0,0.1931355595588684,0.1931355595588684
common_voice_de_19669138,Sie wurde nach Plänen des Architekten Paul Hoppe errichtet.,It was built according to plans by architect Paul Hoppe.,D:\BridgeDEUX\analysis\mobile_benchmark_audio_100\covost2\common_voice_de_19669138.wav,Sie worten nach Planen des Architechten Paul Hoppelerichtert.,2873.2578000001467,0.5555555555555556,0.15517241379310345,It was built according to plans by architect Paul Hoppe.,It was built according to plans of the architect Paul Hoppe.,They say according to plans of the Architekten Paul Hoppelerichtert.,They say according to plans of the architect Paul Hoppelerichtert.,100.0,87.36535517482402,48.37012593015568,59.5669390618864,-12.634644825175982,11.196813131730721,23.831457956906704,1.1038143634796143,0.9804816842079163,-1.176403284072876,-0.47433552145957947,-1.2059273719787598,-0.5234742164611816,-0.123332679271698,0.7020677626132965,0.8254004418849945
common_voice_de_19678060,"Er begann ein Studium als Betriebswirt, das er aber vorzeitig abbrach.",He started a business administration course but dropped out early.,D:\BridgeDEUX\analysis\mobile_benchmark_audio_100\covost2\common_voice_de_19678060.wav,"Er begann ein Studium als Betriebswirt, das er aber vorzeitig abbrach.",2897.573100000045,0.0,0.0,"He began his studies as a business manager, but he broke it off prematurely.","He began his studies as a business manager, but he broke it off prematurely.","He began his studies as a business manager, but he broke it off prematurely.","He began his studies as a business manager, but he broke it off prematurely.",26.547935422853158,26.547935422853158,26.547935422853158,26.547935422853158,0.0,0.0,0.0,0.5423030257225037,0.5423031449317932,0.5423031449317932,0.5423031449317932,0.5423030853271484,0.5423030853271484,1.1920928955078125e-07,0.0,-1.1920928955078125e-07
common_voice_de_19682423,Rang im Norden.,State in the north.,D:\BridgeDEUX\analysis\mobile_benchmark_audio_100\covost2\common_voice_de_19682423.wav,Frank im Narven.,3031.766700000162,0.6666666666666666,0.2857142857142857,==References==,==References==,Frank at the Narven.,Frank at the Narven.,4.061301689294227,4.061301689294227,16.888062804296407,16.888062804296407,0.0,0.0,0.0,-1.502091646194458,-1.502091646194458,-1.4444276094436646,-1.4444276094436646,-1.5063836574554443,-1.5063836574554443,0.0,0.0,0.0
common_voice_de_19714269,Auflage des Wettbewerbes.,Edition of the competition.,D:\BridgeDEUX\analysis\mobile_benchmark_audio_100\covost2\common_voice_de_19714269.wav,Auf Flaggettis wird bewerbes.,3387.037699999837,1.3333333333333333,0.4166666666666667,==References====External links==,==References====External links==,Flagttis will be competing.,Flagttis will be competing.,4.429133858267717,4.429133858267717,24.99845834943089,24.99845834943089,0.0,0.0,0.0,-1.7367746829986572,-1.7367746829986572,-1.3192640542984009,-1.3192640542984009,-1.323652982711792,-1.323652982711792,0.0,0.0,0.0
common_voice_de_19728810,Es kommt zum Showdown in Gstaad.,It's showdown time in Gstaad.,D:\BridgeDEUX\analysis\mobile_benchmark_audio_100\covost2\common_voice_de_19728810.wav,Es ist ein gewolltes Leben.,3599.157899999909,0.8333333333333334,0.7096774193548387,It comes to the showdown in Gstaad.,It comes to the showdown in Gstaad.,It's a wanted life.,It's a wanted life.,54.41805410173687,54.41805410173687,15.395667699769385,15.395667699769385,0.0,0.0,0.0,0.6638934016227722,0.6638934016227722,-1.4846235513687134,-1.4846235513687134,-1.4665353298187256,-1.4665353298187256,0.0,0.0,0.0
common_voice_de_19740814,Die internationale Politik vermochte erst in der Weimarer Republik kleine Zugeständnisse aushandeln.,International politics was only able to negotiate small concessions during the Weimar Republic.,D:\BridgeDEUX\analysis\mobile_benchmark_audio_100\covost2\common_voice_de_19740814.wav,Die internationale Politik vermacht er erst in der Weimarer Obie kleine Zugeständnisse ausansehen.,2945.8406000001105,0.3333333333333333,0.13131313131313133,International politics was only able to negotiate small concessions in the Weimar Republic.,International politics was only able to negotiate small concessions in the Weimar Republic.,Only in the Weimar Obie does he make small concessions to international politics.,Only in the Weimar Obie does he make small concessions to international politics.,90.36523220707335,90.36523220707335,48.87690815743121,48.87690815743121,0.0,0.0,0.0,0.8471346497535706,0.8471346497535706,-0.749815046787262,-0.749815046787262,-0.7074405550956726,-0.7074405550956726,0.0,0.0,0.0
common_voice_de_19746364,"Sie trugen alle sowjetische Hoheitszeichen, als sie per Bahn im Reich eintrafen.",They all wore Soviet insignia as they arrived in the Reich by train.,D:\BridgeDEUX\analysis\mobile_benchmark_audio_100\covost2\common_voice_de_19746364.wav,"Alle sowjetische Rohheitszeichen, als sie per Bahn im Reich eintrafen.",2903.041599999824,0.25,0.16666666666666666,They all wore Soviet emblems when they arrived by train in the Reich.,They all wore Soviet emblems when they arrived by train in the Reich.,All Soviet signs of roughness when they arrived by train in the Reich.,All Soviet signs of roughness when they arrived by train in the empire.,66.96772032584886,66.96772032584886,50.60841022040725,42.56295821450411,0.0,-8.045452005903144,-8.045452005903144,0.817687451839447,0.8176875710487366,-0.6105820536613464,-1.0481985807418823,-0.6197300553321838,-1.065190315246582,1.1920928955078125e-07,-0.4376165270805359,-0.43761664628982544
common_voice_de_19754865,Diese Aneignung vollzieht sich vielfach auf der Grundlage eingeführter esoterischer Vorstellungen.,This appropriation is often carried out on the basis of established esoteric concepts.,D:\BridgeDEUX\analysis\mobile_benchmark_audio_100\covost2\common_voice_de_19754865.wav,Diese Aneignung vollzieht sich vielfach auf der Grundlage eingeführter isoterischer Vorstellungen.,2935.386200000039,0.09090909090909091,0.010309278350515464,This appropriation often takes place on the basis of established esoteric ideas.,This appropriation often takes place on the basis of established esoteric ideas.,This appropriation often takes place on the basis of established isoteric ideas.,This appropriation often takes place on the basis of established isoteric ideas.,65.44872395516757,65.44872395516757,60.83606389095023,60.83606389095023,0.0,0.0,0.0,1.002363681793213,1.002363681793213,0.7452206015586853,0.7452206015586853,0.7620288729667664,0.7620288729667664,0.0,0.0,0.0
common_voice_de_19756404,"Sie liegt im Osten des Landes, an der Grenze zu Tansania.",It's located in the east of the country on the Tanzanian border.,D:\BridgeDEUX\analysis\mobile_benchmark_audio_100\covost2\common_voice_de_19756404.wav,Sie liegt im Oster des Landes an der Grenze zu tanzenieren.,2850.069500000018,0.18181818181818182,0.12727272727272726,"It is located in the east of the country, on the border with Tanzania.","It is located in the east of the country, on the border with Tanzania.",It is located in the east of the country to dance on the border.,It is located in the east of the country to dance on the border.,73.31537069014884,73.31537069014884,70.02175244635531,70.02175244635531,0.0,0.0,0.0,0.8523299694061279,0.8523299694061279,-0.442732572555542,-0.442732572555542,-0.4818713963031769,-0.4818713963031769,0.0,0.0,0.0
common_voice_de_19856683,Höhe auf einem Felshügel über dem Fluss Duero.,Heights of the rock hill above the Douro River.,D:\BridgeDEUX\analysis\mobile_benchmark_audio_100\covost2\common_voice_de_19856683.wav,"Okay, höher auf einem Fass, zu über den Fluss zu wehren.",3699.149699999907,0.875,0.4444444444444444,Height on a rocky hill above the river Duero.,Height on a rocky hill above the river Duero.,"Okay, higher on a barrel to defend over the river.","Okay, higher on a barrel to defend over the river.",45.1324983556009,45.1324983556009,20.25925367359534,20.25925367359534,0.0,0.0,0.0,0.3940258026123047,0.3940258026123047,-1.2686879634857178,-1.2686879634857178,-1.3018720149993896,-1.3018720149993896,0.0,0.0,0.0
common_voice_de_19941265,"Ähnliches ist zu beobachten bei der Gabe von Glucocorticoiden wie Cortisol, Dexamethason, Prednisolon.","The same can be observed when administering glucocorticoids like cortisol, dexamethasone, prednisolone.",D:\BridgeDEUX\analysis\mobile_benchmark_audio_100\covost2\common_voice_de_19941265.wav,"Ähnliches ist zu beobachten bei der Gabe von Glucocorticoiden wie Cortisol, Dixametersohn, Prätnisolon.",3045.9143000000495,0.15384615384615385,0.06060606060606061,"Similarly, glucocorticoids such as cortisol, dexamethasone, prednisolone are administered.","Similarly, glucocorticoids such as cortisol, dexamethasone, prednisolone are administered.","Similar findings are observed in the administration of glucocorticoids such as cortisol, dixameter son, pretnisolone.","Similar findings can be observed in the administration of glucocorticoids such as cortisol, dixameter son, pretnisolone.",56.825878015414375,56.825878015414375,45.33496902704957,51.101692765250476,0.0,5.766723738200909,5.766723738200909,0.5453721880912781,0.5453721880912781,0.19854342937469482,0.21087715029716492,0.21923010051250458,0.23031029105186462,0.0,0.012333720922470093,0.012333720922470093
common_voice_de_19948105,Er erkrankte zudem an Kinderlähmung.,He also suffered from polio.,D:\BridgeDEUX\analysis\mobile_benchmark_audio_100\covost2\common_voice_de_19948105.wav,Er erkrankte zu dem und Kinderlimo.,2794.4746999999097,0.8,0.22857142857142856,He also suffered from polio.,He also suffered from polio.,He fell ill to that and children's limo.,He fell ill to that and children's limo.,100.0,100.0,14.063803904514522,14.063803904514522,0.0,0.0,0.0,1.1952764987945557,1.1952764987945557,-1.2814321517944336,-1.2814321517944336,-1.2937636375427246,-1.2937636375427246,0.0,0.0,0.0
common_voice_de_19955213,Der Empfänger erhält also ein möglicherweise verändertes Wort.,The receiver then gets a word that might be changed.,D:\BridgeDEUX\analysis\mobile_benchmark_audio_100\covost2\common_voice_de_19955213.wav,Der Empfänger erhält also ein möglicherweise verändertes Wort.,2904.8271999999997,0.0,0.0,The recipient thus receives a possibly changed word.,The recipient thus receives a possibly changed word.,The recipient thus receives a possibly changed word.,The recipient thus receives a possibly changed word.,34.63737079061115,34.63737079061115,34.63737079061115,34.63737079061115,0.0,0.0,0.0,0.48337703943252563,0.48337703943252563,0.48337703943252563,0.48337703943252563,0.48337703943252563,0.48337703943252563,0.0,0.0,0.0
