sample_id,gold_german_source,gold_english_reference,audio_path,w1_hypothesis,w1_asr_wer,w1_asr_cer,clean_fp32_translation,clean_int8_translation,w1_asr_fp32_translation,w1_asr_int8_translation,chrf_clean_f,chrf_clean_i,chrf_w1_asr_f,chrf_w1_asr_i,delta_clean,delta_w1_asr,did_w1,comet_clean_f,comet_clean_i,comet_w1_asr_f_e2e,comet_w1_asr_i_e2e,comet_w1_asr_f_mt,comet_w1_asr_i_mt,comet_delta_clean,comet_delta_w1_asr,comet_did_w1
0027,"Wirklich?
Ne, ich finde das ganz schrecklich.","Really?
No, I think that's totally awful.",D:\BridgeDEUX\analysis\mobile_benchmark_audio_100\mslt\MSLT_Test_DE_0027.T0.de.wav,"Wirklich? Nee, ich finde das ganz schrecklich.",0.14285714285714285,0.023809523809523808,"No, I think it's awful.","No, I think it's terrible.","No, I think it's terrible.","No, I think that's terrible.",41.60364684085959,32.383954059555975,32.383954059555975,48.36296900605924,-9.219692781303614,15.979014946503263,25.198707727806877,0.8374686241149902,0.761260449886322,0.761260449886322,0.8701344132423401,0.763519823551178,0.8744495511054993,-0.07620817422866821,0.10887396335601807,0.18508213758468628
0107,"Ja, aber ich absagen.
Ich esse, glaub ich, nicht soviel Fleisch.
Ich war sogar ein Jahr Vegetarier.","Yes, but I cancel.
I don't think I eat a lot of meat.
I have even been a vegetarian for a year.",D:\BridgeDEUX\analysis\mobile_benchmark_audio_100\mslt\MSLT_Test_DE_0107.T0.de.wav,Ja aber ich muss sagen ich esse glaube ich nicht so viel Fleisch ich war sogar ein Jahr vegetarier,0.29411764705882354,0.07526881720430108,"I don't think I eat that much meat, I've even been a year vegetarian.",I don't think I eat that much meat. I was even a year vegetarian.,Yes but I have to say I eat I don't think so much meat I was even a year vegetarian,Yes but I must say I eat I don't think so much meat I was even a year vegetarian,48.09639892480289,43.46617959189293,42.88936993282253,39.45532646595791,-4.6302193329099595,-3.4340434668646225,1.196175866045337,0.24929079413414001,0.11629443615674973,-0.24862352013587952,-0.29471254348754883,-0.2124926745891571,-0.2541924715042114,-0.1329963579773903,-0.04608902335166931,0.08690733462572098
0113,Chinesisches Essen.,Chinese food.,D:\BridgeDEUX\analysis\mobile_benchmark_audio_100\mslt\MSLT_Test_DE_0113.T0.de.wav,Genesisches Essen.,0.5,0.16666666666666666,Chinese food.,Chinese food.,Generic food.,Generic food.,100.0,100.0,37.73042929292929,37.73042929292929,0.0,0.0,0.0,1.313455581665039,1.313455581665039,-0.43966585397720337,-0.43966585397720337,-0.49067217111587524,-0.49067217111587524,0.0,0.0,0.0
0128,"Ess ich vielleicht hin und wieder nur etwas Eiscreme.
Denn Eiscreme esse ich auch sehr gerne.
Vielleicht nur am Wochenende.
Am Freitag oder am Samstag.","Every now and then I'll eat just a little bit of ice-cream.
Because I also really like to eat ice-cream.
Perhaps only on the weekend.
On Friday or Saturday.",D:\BridgeDEUX\analysis\mobile_benchmark_audio_100\mslt\MSLT_Test_DE_0128.T0.de.wav,"Essig vielleicht hin und wieder nur etwas Eiscreme, denn Eiscreme ist auch sehr gerne. Vielleicht nur am Wochenende, am Freitag oder am Samstag.",0.16,0.06802721088435375,"I might just eat some ice cream every now and then, because I like ice cream, too. Maybe only on the weekend. On Friday or Saturday.","I might just eat some ice cream every now and then, because I like ice cream, too. Maybe only on weekends. On Friday or Saturday.","Vinegar maybe every now and then just some ice cream, because ice cream is also very popular. Maybe only on the weekend, on Friday or Saturday.","Vinegar maybe once in a while just a little ice cream, because ice cream is also very nice. Maybe only on the weekend, on Friday or Saturday.",50.99562401992218,44.33216361240524,43.84237370116169,42.353144771843034,-6.6634604075169435,-1.4892289293186565,5.174231478198287,0.7416172027587891,0.7548366785049438,-0.5595768094062805,-0.6288058161735535,-0.522182285785675,-0.5514219999313354,0.013219475746154785,-0.06922900676727295,-0.08244848251342773
0137,"Auch wenn sie selber nicht probieren können und wenn sie selber gar nicht wissen, ob es überhaupt schmeckt.
Vielleicht schmeckt es noch nicht mal den Juroren auf der Show.
Aber das werden wir niemals wissen.","Even when they can't try it themselves and have no idea at all whether it tastes good.
Perhaps it's not even to the liking of the jury members in the show.
But we'll never know.",D:\BridgeDEUX\analysis\mobile_benchmark_audio_100\mslt\MSLT_Test_DE_0137.T0.de.wav,"Auch wenn sie selber nicht probieren können und wenn sie selber gar nicht wissen, ob es überhaupt schmeckt. Vielleicht schmeckt es noch nicht mal den Jorren auf der Show. Aber das werden wir niemals wissen.",0.02857142857142857,0.009852216748768473,Even if they can't try it themselves and if they don't even know if it tastes good at all. Maybe it doesn't even taste good for the jurors on the show. But we'll never know that.,Even if they can't try it themselves and if they don't even know if it tastes good. Maybe it doesn't even taste like the jurors on the show. But we'll never know that.,Even if they can't try it themselves and if they don't even know if it tastes good at all. Maybe it doesn't even taste the jorr on the show. But we'll never know that.,Even if they can't try it themselves and if they don't even know if it tastes good at all. Maybe it doesn't even taste the jorr on the show. But we'll never know that.,53.98669364918879,54.18181083313508,53.58286037182,53.58286037182,0.1951171839462944,0.0,-0.1951171839462944,0.7383139729499817,0.34979182481765747,0.12432219833135605,0.12432219833135605,0.15237192809581757,0.15237192809581757,-0.3885221481323242,0.0,0.3885221481323242
0138,Ja.,Yes.,D:\BridgeDEUX\analysis\mobile_benchmark_audio_100\mslt\MSLT_Test_DE_0138.T0.de.wav,Ja,0.0,0.0,Yeah.,Yeah.,Yes,Yes,25.507159904534603,25.507159904534603,65.61085972850678,65.61085972850678,0.0,0.0,0.0,1.1403825283050537,1.1403825283050537,1.2614617347717285,1.2614617347717285,1.2604751586914062,1.2604751586914062,0.0,0.0,0.0
0186,"Rennmäuse heißen die, oder so ähnlich.
Und die sind halt in wie so einem Terrarium.
Und die rennen die ganze Zeit rum.
Die kann man auch nicht richtig rausnehmen.","They're called gerbils or something like that.
And they are just in a sort of terrarium.
And they run around the whole time.
You can't really take them out properly.",D:\BridgeDEUX\analysis\mobile_benchmark_audio_100\mslt\MSLT_Test_DE_0186.T0.de.wav,"Rennen, sehr heiß sind die oder so ähnlich. Und die sind halt in Wiss und Terrarium und die Rennen die ganze Zeit rum, die kann aber auch nicht richtig rausnehmen.",0.27586206896551724,0.12738853503184713,"They're called racing mice, or something like that, and they're just like a terrarium, and they're running around all the time, and you can't really take them out.","They're called racing mice, or something like that, and they're just like a terrarium, and they're running around all the time, and you can't really take them out.","Races, they're very hot or something like that. And they're just in Wiss and Terrarium and the races all the time around, but they can't really take them out.","Races, they're very hot or something like that. And they're just in wiss and terrarium and the races all the time around, but they can't really take them out.",52.53621198090413,52.53621198090413,52.26347873552669,53.29511935404071,0.0,1.0316406185140181,1.0316406185140181,0.41991692781448364,0.41991692781448364,-1.0569254159927368,-1.0855002403259277,-1.037834882736206,-1.0699427127838135,0.0,-0.028574824333190918,-0.028574824333190918
0196,"Ja, das ist natürlich schön.
Ja, unsere ist auch","Yeah, that's nice of course.
Yes, ours is also",D:\BridgeDEUX\analysis\mobile_benchmark_audio_100\mslt\MSLT_Test_DE_0196.T0.de.wav,"Ah, ja, das ist natürlich schön. Ja, unseres auch.",0.3333333333333333,0.13333333333333333,"Yes, of course that's nice. Yes, ours is also","Yeah, that's nice, of course.","Ah, yeah, that's nice, of course.","Ah, yeah, that's nice, of course.",76.32243820878813,58.8027752560346,53.00282656492039,53.00282656492039,-17.519662952753528,0.0,17.519662952753528,0.9404138326644897,0.6143736243247986,0.5271321535110474,0.5271321535110474,0.5624956488609314,0.5624956488609314,-0.32604020833969116,0.0,0.32604020833969116
0201,"Also ja, auf unsere Betten dürfen sie tatsächlich.","So yes, they're really allowed on our beds.",D:\BridgeDEUX\analysis\mobile_benchmark_audio_100\mslt\MSLT_Test_DE_0201.T0.de.wav,auf spät auf unsere betten dürfen sie tatsächlich,0.25,0.14583333333333334,"So, yes, they can actually go to our beds.","So, yes, they can actually go to our beds.",on late on our beds you may actually,on late on our beds you can actually,41.95679489451047,41.95679489451047,28.81649861649812,28.08319057672709,0.0,-0.7333080397710283,-0.7333080397710283,0.21167618036270142,0.21167618036270142,-1.289791464805603,-1.2502539157867432,-1.2726675271987915,-1.2250810861587524,0.0,0.03953754901885986,0.03953754901885986
0239,"Facebook, die können es eigentlich in Deutschland immer einmal am Tag, so würde ich sagen.","Facebook, in Germany they can always do it once a day, that's how I'd say it.",D:\BridgeDEUX\analysis\mobile_benchmark_audio_100\mslt\MSLT_Test_DE_0239.T0.de.wav,"Facebook. Die können es eigentlich in Deutschland immer einmal am Tag so, würde ich sagen.",0.0,0.0,"Facebook, they can actually do it in Germany once a day, so I would say.","Facebook, they can actually do it in Germany once a day, so I would say.","Facebook. They can actually do it in Germany once a day, I would say.","Facebook. They can actually do it in Germany once a day like this, I would say.",52.5580604522212,52.5580604522212,47.007298151743534,45.08213771103665,0.0,-1.9251604407068825,-1.9251604407068825,0.671191930770874,0.671191930770874,0.6379517912864685,0.46144187450408936,0.6059185862541199,0.44421494007110596,0.0,-0.17650991678237915,-0.17650991678237915
0271,"Und dann gibt's solche Gesetze in den USA, dass Apple auch nicht drüber sprechen darf und solche Geschichten.
Und","And then there are these laws in the USA that Apple is also not allowed to talk about that and such stories.
And",D:\BridgeDEUX\analysis\mobile_benchmark_audio_100\mslt\MSLT_Test_DE_0271.T0.de.wav,"Und dann gibt es so solche Gesetz in den USA, dass Apple da auch nicht drüber sprechen darf an solche Geschichten.",0.3684210526315789,0.13636363636363635,And then there's such laws in the US that Apple can't talk about it and stories like that.,And then there's such laws in the US that Apple can't talk about it and stories like that.,And then there's such a law in the US that Apple can't talk about it either.,And then there's such a law in the US that Apple can't talk about it either.,48.537987608329885,48.537987608329885,38.19614616860873,38.19614616860873,0.0,0.0,0.0,0.5695846676826477,0.5695846676826477,0.16388484835624695,0.16388484835624695,0.1614108383655548,0.1614108383655548,0.0,0.0,0.0
0282,"Ne, die haben so eine, wie soll ich das sagen?
Wenn da irgendwas Neues kommt, dann kaufen die das auf.
Die haben ja so viel Geld, das ist ja alles kein Problem.
WhatsApp gehört ja auch zu Facebook.
Und das wird sich so etablieren.
Facebook wie Google, oder wie Microsoft.
Obwohl Microsoft vorher nur von der Software lebt, ne?
Ja, also die werden alles aufkaufen, tipp ich.
Ich meine WhatsApp wurde jetzt auch aufgekauft.","You know, they have like a, how can I say?
When something new appears, they buy it all up.
They have so much money, all of that's not a problem.
WhatsApp does belong to Facebook too.
And that is going to establish itself like that.
Facebook like Google, or like Microsoft.
Although Microsoft used to live just off of software, right?
Yes, I bet they'll buy up everything.
I think WhatsApp has been bought up now, too.",D:\BridgeDEUX\analysis\mobile_benchmark_audio_100\mslt\MSLT_Test_DE_0282.T0.de.wav,"Nee, die haben so eine, wie soll ich das sagen, wenn da irgendwas neues kommt, dann kaufen die das auf, der mir so viel Geld, das ist alles kein Problem, WhatsApp gehört ja auch zu Facebook und das wird sich so etablieren, Facebook wie Google oder wie Microsoft, obwohl ja Microsoft eigentlich auch noch von der Software-Lebne. Ja, also sie werden alles aufkaufen, tipp ich. Ich meine WhatsApp wurde jetzt auch aufgekauft.",0.17567567567567569,0.09405940594059406,"No, they have one like that, how am I supposed to say that? If something new comes up, they buy it up. They have so much money, that's not a problem. WhatsApp is also part of Facebook. And that's going to be so established. Facebook like Google, or like Microsoft. Although Microsoft only lives on the software before, no? Yes, so they will buy it all up, I guess. I mean WhatsApp was bought up now.","They have so much money, that's not a problem. WhatsApp is also a part of Facebook. And that's going to be so established. Facebook like Google, or like Microsoft. Although Microsoft only lives from the software before, no? Yes, so they're going to buy it all up, I guess. I mean WhatsApp has been bought up now too.","No, they have one like that, how can I say that, if something new comes up, then they buy that up, which is so much money to me, that's all no problem, WhatsApp is also part of Facebook and that will establish itself like Facebook like Google or like Microsoft, although Microsoft actually also from the software lebne. Yes, so they will buy everything up, I guess. I mean WhatsApp was bought up now too.","No, they have such a, how can I say that, if something new comes up, then they buy it up, which is so much money to me, that's all no problem, WhatsApp is also part of Facebook and that will establish itself like Facebook like Google or like Microsoft, even though Microsoft actually also still from the software lebne. Yes, so they will buy everything up, I guess. I mean WhatsApp was bought up now too.",60.09937590828329,53.549812487715975,51.45985990973697,51.210230911347296,-6.549563420567317,-0.24962899838967445,6.2999344221776425,0.3128533959388733,0.18586409091949463,0.1067538633942604,-0.0010194256901741028,0.08785808831453323,-0.010935189202427864,-0.12698930501937866,-0.10777328908443451,0.019216015934944153
0295,"Also wir sind ja eh schon so klein, deswegen macht es eigentlich glaube ich auch Sinn, dass man kommen sollte.
Muss ja.
Ach so.
Nein, Quatsch.
Der Sprachkurs, da musste man glaub ich nur sechzig Prozent der Zeit anwesend sein.
Nur
Genau und bei den anderen Kursen, also Inhaltkurse wie Geschichte, da durfte man dann
Da war das dann mal ein strenger
Also Samstag auf dem
Zweimal als","And we're already so small anyway, that's why it actually makes sense too, I think, that you should come.
Has to.
I see.
No, nonsense.
The language course, you only had to be present sixty percent of the time, I think.
Only
Right, and with the other classes, content classes that is, like history, there you could
So, that happened to be a harsh
So Saturday at the
Twice as",D:\BridgeDEUX\analysis\mobile_benchmark_audio_100\mslt\MSLT_Test_DE_0295.T0.de.wav,Also wir sind ja eh schon so klein deswegen mach das eigentlich glaube ich auch sind dass man ja dass man kommen sollte muss ja also oh nein nein nein der Sprachkurs da musste man glaube ich nur 60 Prozent derzeit anwesend sein nur genau und bei den anderen Kurs also so inhaltskurse wie Geschichte da durfte man da war da war das dann strenger also da durfte man zwei mal also,0.39705882352941174,0.19137466307277629,"So we are already so small, that's why I think it makes sense that you should come. Must. Oh so. No, nonsense. The language course, I think I only had to be present 60 percent of the time. Just exactly and with the other courses, so content courses like history, then you were allowed to there was then a strict So Saturday on the Twice as","So we are already so small, that's why I think it makes sense that you should come. Must be. Oh, that's right. No, nonsense. The language course, I think I had to be present only 60 percent of the time. Just exactly and at the other courses, so content courses like history, then you were allowed to have a strict So Saturday on the Twice as","So we're already so small anyway, so I actually think I'm also that you have to come yes so oh no no no the language course had to be there I think I'm only 60 percent present right now and so with the other course as content courses as history you were allowed to be there was that then more strict so you were allowed to be there two times so",So we are already so small because I actually think I'm also that you have to come yes so oh no no no the language course had to be there I think I only 60 percent are present at the moment only exactly and so with the other course as content courses as history you were allowed there was there was that then more strict so there you were allowed two times so,59.26714155591062,57.95591598752284,40.21621172596755,38.177721266370646,-1.3112255683877763,-2.0384904595969005,-0.7272648912091242,0.10227469354867935,0.15692245960235596,-0.8652651309967041,-0.9635499119758606,-0.8781657814979553,-0.9817975759506226,0.054647766053676605,-0.0982847809791565,-0.1529325470328331
0303,"Ach so.
Ja.
Also in","I see.
Yes.
Well in",D:\BridgeDEUX\analysis\mobile_benchmark_audio_100\mslt\MSLT_Test_DE_0303.T0.de.wav,Ähm also ja also,0.6,0.47058823529411764,"Oh, yes.","Oh, yes.","So, um, yes, so...","So, um, yes, so...",7.876970693490668,7.876970693490668,6.799399447278912,6.799399447278912,0.0,0.0,0.0,0.5021517872810364,0.5021517872810364,-0.7790307998657227,-0.7790307998657227,-0.4162430763244629,-0.4162430763244629,0.0,0.0,0.0
0335,"Obwohl ich natürlich einige Sachen in China auch nicht so mag.
Das betrifft zum Beispiel die Menschen.
Also die Anzahl der Menschen vor allem und dann natürlich die Luftverschmutzung.","Although of course I don't like a few things in China too.
That concerns the people, for example.
Well especially the number of people and then of course the pollution.",D:\BridgeDEUX\analysis\mobile_benchmark_audio_100\mslt\MSLT_Test_DE_0335.T0.de.wav,"Obwohl ich natürlich einige Sachen in China auch nicht so mag, das betrifft zum Beispiel die Anzahl der Menschen vor allem und dann natürlich die Luftverschmutzung.",0.10344827586206896,0.1,"Although I don't like some things in China, for example, that affects people. So the number of people, especially and then, of course, air pollution.","Although I don't like some of the things in China, for example, that affects people. So the number of people is above all, and then, of course, air pollution.","Although I don't like some things in China, for example, it affects the number of people above all and then, of course, air pollution.","Although I don't like some of the things in China, for example, it concerns the number of people above all and then, of course, air pollution.",58.5508289491255,55.66257039847482,52.61870248195508,58.15867265331159,-2.888258550650683,5.539970171356508,8.42822872200719,0.42408332228660583,0.4976903200149536,0.7329421639442444,0.7841565012931824,0.7418974041938782,0.7917174100875854,0.07360699772834778,0.05121433734893799,-0.02239266037940979
0340,Also,Well,D:\BridgeDEUX\analysis\mobile_benchmark_audio_100\mslt\MSLT_Test_DE_0340.T0.de.wav,also,0.0,0.0,So...,So...,so,so,0.0,0.0,0.0,0.0,0.0,0.0,0.0,0.05378658324480057,0.05378658324480057,-0.32287269830703735,-0.32287269830703735,-0.3435092568397522,-0.3435092568397522,0.0,0.0,0.0
0370,"Hallo.
Ich kann dich","Hello.
I can",D:\BridgeDEUX\analysis\mobile_benchmark_audio_100\mslt\MSLT_Test_DE_0370.T0.de.wav,"Hallo, ich kann dich.",0.0,0.0,Hello.,Hello.,"Hello, I can do you.","Hello, I can do you.",48.67018894958359,48.67018894958359,47.22902890536126,47.22902890536126,0.0,0.0,0.0,0.0884571298956871,0.0884571298956871,0.15322381258010864,0.15322381258010864,0.22757956385612488,0.22757956385612488,0.0,0.0,0.0
0388,Natürlich.,Of course.,D:\BridgeDEUX\analysis\mobile_benchmark_audio_100\mslt\MSLT_Test_DE_0388.T0.de.wav,"Naja, natürlich.",1.0,0.5555555555555556,Of course.,Of course.,"Well, of course.","Well, of course.",100.0,100.0,66.6146206466717,66.6146206466717,0.0,0.0,0.0,1.289435625076294,1.289435625076294,1.017034888267517,1.017034888267517,1.0375295877456665,1.0375295877456665,0.0,0.0,0.0
0395,Ja.,Yes.,D:\BridgeDEUX\analysis\mobile_benchmark_audio_100\mslt\MSLT_Test_DE_0395.T0.de.wav,Oh ja.,1.0,1.5,Yeah.,Yeah.,"Oh, yes.","Oh, yes.",25.507159904534603,25.507159904534603,33.59781856586183,33.59781856586183,0.0,0.0,0.0,1.1403825283050537,1.1403825283050537,1.0208745002746582,1.0208745002746582,1.0827765464782715,1.0827765464782715,0.0,0.0,0.0
0399,Wow.,Wow.,D:\BridgeDEUX\analysis\mobile_benchmark_audio_100\mslt\MSLT_Test_DE_0399.T0.de.wav,Wow!,0.0,0.0,Wow.,Wow.,Wow!,Wow!,100.0,100.0,40.27777777777777,40.27777777777777,0.0,0.0,0.0,1.3278846740722656,1.3278846740722656,1.215517282485962,1.215517282485962,1.2824954986572266,1.2824954986572266,0.0,0.0,0.0
0413,Okay.,Okay.,D:\BridgeDEUX\analysis\mobile_benchmark_audio_100\mslt\MSLT_Test_DE_0413.T0.de.wav,"Ah, okay.",1.0,0.75,Okay.,Okay.,"Ah, okay.","Ah, okay.",100.0,100.0,39.08180968152579,39.08180968152579,0.0,0.0,0.0,1.3264212608337402,1.3264212608337402,1.0978176593780518,1.0978176593780518,1.2294120788574219,1.2294120788574219,0.0,0.0,0.0
0433,"Mussten wir sie dann abgeben, weil wir einfach nicht genug Platz hatten sie zu halten.
Ja, wir haben sie dann an Freunde weitergegeben, die mehrere Hühner haben.","We had to give her up because we just didn't have enough room to keep her.
Yes, we passed them on to friends then who have more chickens.",D:\BridgeDEUX\analysis\mobile_benchmark_audio_100\mslt\MSLT_Test_DE_0433.T0.de.wav,"Dann mussten wir sie dann abgeben, weil wir einfach nicht genug Platz hatten, sie zu halten. Und ja, wir haben sie dann dann dann Freunde weitergegeben, die mehr Hühner haben.",0.18518518518518517,0.12179487179487179,"Then we had to hand them over because we just didn't have enough space to hold them. Yes, we passed them on to friends who have several chickens.","Then we had to hand them over because we just didn't have enough room to hold them. Yes, we passed them on to friends who have several chickens.","Then we had to hand them over because we just didn't have enough room to hold them. And yes, we then passed them on to friends who have more chickens.","Then we had to hand them over because we just didn't have enough room to hold them. And yes, we then passed them on to friends who have more chickens.",65.57360243130155,70.24683037126393,70.31934429583707,70.31934429583707,4.6732279399623735,0.0,-4.6732279399623735,0.6560614705085754,0.668572187423706,0.6650280356407166,0.6650280356407166,0.6456966996192932,0.6456966996192932,0.012510716915130615,0.0,-0.012510716915130615
0442,"Na ja, ich war halt früher als Kind Fan von Sissi, also der Prinzessin.","Well, just as a child earlier I was a fan of Sissi, like the princess.",D:\BridgeDEUX\analysis\mobile_benchmark_audio_100\mslt\MSLT_Test_DE_0442.T0.de.wav,"Na ja, ich war halt früher als Kind Fan von Sissy, also der Prinzessin.",0.07142857142857142,0.014705882352941176,"Well, I used to be a fan of Sissi when I was a kid, so the princess.","Well, I used to be a fan of Sissi when I was a kid, so the princess.","Well, I used to be a fan of Sissy when I was a kid, so the princess.","Well, I used to be a fan of Sissy when I was a kid, so the princess.",50.264207807279526,50.264207807279526,47.437220194276584,47.437220194276584,0.0,0.0,0.0,0.1727938950061798,0.1727938950061798,0.040751680731773376,0.040751807391643524,0.08523225039243698,0.08523236960172653,0.0,1.2665987014770508e-07,1.2665987014770508e-07
0443,Okay.,Okay.,D:\BridgeDEUX\analysis\mobile_benchmark_audio_100\mslt\MSLT_Test_DE_0443.T0.de.wav,Okay,0.0,0.0,Okay.,Okay.,Okay,Okay,100.0,100.0,69.27494615936827,69.27494615936827,0.0,0.0,0.0,1.3264212608337402,1.3264212608337402,1.2990673780441284,1.2990673780441284,1.3128480911254883,1.3128480911254883,0.0,0.0,0.0
0480,"Also ich würd mal sagen, so mit etwas weiterer, entfernter Verwandtschaft sind wir ja bestimmt um die hundert bis hundertfünfzig Leute, die dann da immer zusammen kommen.
Und ja, diese Party gehen dann immer, sag mal, von morgens irgendwann um zehn bis tief in die Nacht dann am nächsten Tag.","I would also say, along with some further, more distant relatives we are certainly around a hundred to a hundred and fifty people, who consistently turn up.
And yes, go to this party then always, say, from the morning sometime around ten until late at night the next day then.",D:\BridgeDEUX\analysis\mobile_benchmark_audio_100\mslt\MSLT_Test_DE_0480.T0.de.wav,"Also ich würde mal sagen, so mit etwas weitere entfernter Verwandtschaft sind wir ja bestimmt um die hundert bis 150 Leute, die dann da immer zusammenkommen und ja die Supatis, die gehst ihr auch immer, sag mal von morgens irgendwann um zehn bis tief in die Nacht dann am nächsten Tag.",0.22,0.1267605633802817,"Well, I'd say, with some more distant kinship, we're probably about a hundred to a hundred and fifty people who always come together there. And yes, this party always goes, say, from morning at some point in the morning at ten to deep into the night then the next day.","So I'd say, with a little bit more distant kinship, we're probably about a hundred to a hundred and fifty people who always come together there. And yes, this party always goes then, say, from morning at some point in the morning at ten to deep into the night then the next day.","So I'd say, with some more distant kinship, we're probably around the hundred to 150 people who always come together and yes the Supatis, they always go, say from morning at some point in the morning at ten to deep into the night then the next day.","So I would say that with some more distant kinship we are certainly about the hundred to 150 people, who then always come together and yes the Supatis, they always go, say from morning at some point at ten to deep into the night then the next day.",51.31637525526747,49.7628495641574,38.72317351113359,44.10103755838613,-1.5535256911100674,5.377864047252544,6.931389738362611,0.2890651226043701,0.25071585178375244,-0.1637943983078003,-0.17675983905792236,-0.15695902705192566,-0.1714203804731369,-0.038349270820617676,-0.01296544075012207,0.025383830070495605
0487,"Ja, das glaube ich.","Yes, I believe that.",D:\BridgeDEUX\analysis\mobile_benchmark_audio_100\mslt\MSLT_Test_DE_0487.T0.de.wav,"Ja, das glaube ich.",0.0,0.0,"Yeah, I think so.","Yeah, I think so.","Yeah, I think so.","Yeah, I think so.",18.834402786345102,18.834402786345102,18.834402786345102,18.834402786345102,0.0,0.0,0.0,0.7934532761573792,0.7934532761573792,0.7934532761573792,0.7934532761573792,0.7934532761573792,0.7934532761573792,0.0,0.0,0.0
0542,"Flogen die Fetzen.
Und ich glaub, wir haben die Zeit um.","Sparks flew.
And I think we're out of time.",D:\BridgeDEUX\analysis\mobile_benchmark_audio_100\mslt\MSLT_Test_DE_0542.T0.de.wav,Flogen die Fetzen und ich glaube wir haben Zeit um.,0.18181818181818182,0.09433962264150944,And I think we're running out of time.,And I think we're running out of time.,"The shreds flew, and I think we're running out of time.","The shreds flew, and I think we're running out of time.",62.27051083257811,62.27051083257811,59.59731036889896,59.59731036889896,0.0,0.0,0.0,0.46607276797294617,0.46607276797294617,0.6361174583435059,0.6361174583435059,0.6382060050964355,0.6382060050964355,0.0,0.0,0.0
0598,Neuen Speicherplatz kaufen,To buy new disk space,D:\BridgeDEUX\analysis\mobile_benchmark_audio_100\mslt\MSLT_Test_DE_0598.T0.de.wav,neuen Speicherplatz kaufen,0.0,0.0,Buy new storage space,Buy new storage space,Buy new storage space,Buy new storage space,30.508413145046394,30.508413145046394,30.508413145046394,30.508413145046394,0.0,0.0,0.0,0.4136512577533722,0.4136512577533722,0.4136512577533722,0.4136512577533722,0.48204004764556885,0.48204004764556885,0.0,0.0,0.0
0603,Okay.,Okay.,D:\BridgeDEUX\analysis\mobile_benchmark_audio_100\mslt\MSLT_Test_DE_0603.T0.de.wav,"Mmh, okay.",1.0,1.0,Okay.,Okay.,"Mmh, okay.","Mmh, okay.",100.0,100.0,37.58154502951057,37.58154502951057,0.0,0.0,0.0,1.3264212608337402,1.3264212608337402,0.8817175030708313,0.8817175030708313,1.1240466833114624,1.1240466833114624,0.0,0.0,0.0
0617,"Thai-Essen, ja.","Thai food, yes.",D:\BridgeDEUX\analysis\mobile_benchmark_audio_100\mslt\MSLT_Test_DE_0617.T0.de.wav,"Tai, Tai essen. Ja.",1.5,0.4166666666666667,"Thai food, yes.","Thai food, yes.","Tai, eat Tai.","Tai, eat Tai.",100.0,100.0,12.042620546979789,12.042620546979789,0.0,0.0,0.0,1.3146755695343018,1.3146755695343018,-1.2756050825119019,-1.2756050825119019,-1.3339372873306274,-1.3339372873306274,0.0,0.0,0.0
0658,"Das ist mir übrigens gestern auch fast passiert.
Und ja
Ich war
Sag mer mal, ich hab mich verplaudert am Flughafen und es ist mir
Du weißt genau
Und nee","And almost happened to me yesterday as well, by the way.
And yeah
I was
Tell me, I had a few chats at the airport and it is
You know exactly
And no",D:\BridgeDEUX\analysis\mobile_benchmark_audio_100\mslt\MSLT_Test_DE_0658.T0.de.wav,"Das ist mir übrigens gestern auch fast passiert. Ja, ich war dankbar mal, ich habe mich verplaudert am Flughafen verplaudert und du weißt genau.",0.3333333333333333,0.20666666666666667,"By the way, that almost happened to me yesterday, and yes I was telling you, I was chatting at the airport and it's me You know exactly And no","That almost happened to me yesterday, by the way. And yes I was telling you, I was chatting at the airport and it's me You know exactly And no","By the way, that almost happened to me yesterday. Yes, I was grateful, I chatted at the airport and you know exactly.","By the way, that almost happened to me yesterday. Yes, I was grateful, I chatted at the airport and you know exactly.",59.094989334021164,65.76230283111309,52.002721918648234,52.002721918648234,6.667313497091925,0.0,-6.667313497091925,0.2127583622932434,0.2638170123100281,-0.2581902742385864,-0.2581902742385864,-0.2115606814622879,-0.2115606814622879,0.05105865001678467,0.0,-0.05105865001678467
0668,Nordchina oder,North China or,D:\BridgeDEUX\analysis\mobile_benchmark_audio_100\mslt\MSLT_Test_DE_0668.T0.de.wav,Notst du genau da.,2.0,0.8571428571428571,Northern China; or,Northern China; or,You need it right there.,You need it right there.,43.96305260949315,43.96305260949315,8.34523661656937,8.34523661656937,0.0,0.0,0.0,0.8155892491340637,0.8155892491340637,-1.437455654144287,-1.437455654144287,-1.5445809364318848,-1.5445809364318848,0.0,0.0,0.0
0685,Viel chinesische Einflüsse in den Häusern und,Many Chinese influences in the houses and,D:\BridgeDEUX\analysis\mobile_benchmark_audio_100\mslt\MSLT_Test_DE_0685.T0.de.wav,sind viele chinesische Einflüsse in den Häusern und,0.2857142857142857,0.13333333333333333,Lots of Chinese influences in the houses and,Lots of Chinese influences in the houses and,are many Chinese influences in the houses and,are many Chinese influences in the houses and,85.45858902531857,85.45858902531857,91.87107380361509,91.87107380361509,0.0,0.0,0.0,0.7943112254142761,0.7943112254142761,0.7454246878623962,0.7454246878623962,0.7749874591827393,0.7749874591827393,0.0,0.0,0.0
0687,"Werd ich da nicht ganz lang bleiben.
Gut, jetzt ist es, glaub ich, auch schon wieder bald fast ein Jahr wie's dann immer so ist.
Aber das Problem ist auch, wenn ich jetzt mit ihr in eine andere Stadt ziehen würde, dann bin ich da halt mit ihr komplett alleine.
So.
Man hat da keine Freude.
Mittlerweile kennt man ja auch ein, zwei Leute.
Und das ist dann immer so das Problem.
Man ist komplett auf sich alleine gestellt.
Und es ist auch schwierig, neue Leute kennenzulernen so und die man dann auch wirklich als","I won't stay there terribly long.
Good, now it's almost another years again soon, I think, just as it always is.
But the problem is also, if I were to move to another city with her now, then I would be just completely alone there with her.
So.
You don't have any friends there.
You know one or two people by now.
And then that's always like the problem.
You're completely dependent on yourself.
And it's hard, too, to like meet new people and who you really as",D:\BridgeDEUX\analysis\mobile_benchmark_audio_100\mslt\MSLT_Test_DE_0687.T0.de.wav,werde ich dann nicht lang bleiben gut jetzt ist es glaube ich auch schon wieder bald fast ein ja wie es dann immer so ist aber das Problem ist auch wenn ich jetzt mit ihr in eine andere Stadt ziehen würde dann bin ich da halt mit ihr komplett alleine so hat da keine freude mittlerweile kennt man ja auch ein zwei leute das ist dann immer das Problem man ist komplett auf sich alleine gestellt und es ist auch schwierig neue Leute kennen zu lernen so die man dann auch wirklich als,0.14736842105263157,0.06060606060606061,"Well, now it is, I think, almost a year as it always is. But the problem is that if I would move with her to another city now, then I am completely alone with her. So. You don't enjoy it. Meanwhile you know one or two people. And that's always the problem. You're completely on your own. And it's also difficult to get to know new people like this and then you really know them as","Well, now it is, I think, already almost a year as it always is. But the problem is that if I would move with her to another city now, then I am completely alone with her. So. You don't enjoy it. Meanwhile you know one or two people. And that's always the problem. You are completely on your own. And it's also difficult to get to know new people like this and then you really get to know them as",I'm not going to stay long now it's I think I'll soon be almost a yes as it always is but the problem is also if I would move with her now to another city then I'm just there with her completely alone so has no joy meanwhile you know also a two people that is then always the problem you are completely on your own and it's also difficult to get to know new people so that you then really as,I'm not going to stay long now it's almost like it's going to be like it's going to be like it's going to be like it's going to be like it's going to be like it's going to be like it's going to be like it's going to be like it's going to be like it's going to be like it's going to be like it's going to be like it's going to be like it's going to be like it's going to be like it's going to be like it's going to be like it's going to be like it's going to be like it,55.88878856010764,55.263342314038866,44.819013172834005,12.716585687716261,-0.6254462460687762,-32.102427485117744,-31.476981239048968,0.24401623010635376,0.2583134174346924,-0.2246677577495575,-2.057316780090332,-0.2608446776866913,-2.056826114654541,0.014297187328338623,-1.8326490223407745,-1.8469462096691132
0698,"Paar Chemikalien in die Luft gesprüht, die das alles blau erhalten.",Sprayed a few chemicals in the air that preserve everything blue.,D:\BridgeDEUX\analysis\mobile_benchmark_audio_100\mslt\MSLT_Test_DE_0698.T0.de.wav,"Paschimikalien in die Luft gesprühte, die das alles blaue halten.",0.45454545454545453,0.1076923076923077,Pair of chemicals sprayed into the air that get all this blue.,Couple of chemicals sprayed into the air that get all this blue.,Pashimicals sprayed into the air that keep all this blue.,Pashimicals sprayed into the air that hold all this blue.,42.19842194490784,42.16705752961738,37.65274190651905,36.95310999864637,-0.03136441529046152,-0.6996319078726785,-0.668267492582217,0.3025785982608795,0.3026650547981262,-0.1801070272922516,-0.5831544399261475,-0.1579330861568451,-0.5597612857818604,8.64565372467041e-05,-0.4030474126338959,-0.4031338691711426
0701,"Ja, das ist der entscheidende Faktor dann.
Richtig.","Yes, that is the decisive factor then.
Correct.",D:\BridgeDEUX\analysis\mobile_benchmark_audio_100\mslt\MSLT_Test_DE_0701.T0.de.wav,"Ja, das ist der entscheidende Faktor dann richtig.",0.0,0.0,"Yeah, that's the decisive factor then.","Yeah, that's the decisive factor then.","Yes, that is the decisive factor then right.","Yes, that is the decisive factor then right.",61.089260597728234,61.089260597728234,78.51347887609033,78.51347887609033,0.0,0.0,0.0,0.7508607506752014,0.7508607506752014,0.7679803967475891,0.7679803967475891,0.7668547034263611,0.7668547034263611,0.0,0.0,0.0
0736,"Ich glaub nicht.
Also ich glaub, dass die Küche nicht gut genug ausgerüstet ist.
Das ist halt auch immer die Sache beim Kochen.
So spezielle Sache, die man, wo man dann mehr, also wo die Zubereitung schwieriger ist.
Da hat man dann in so einer kleinen Küche gar nicht das Equipment und dann muss man sich Sachen dazu holen.","I don't think so.
Well I think the kitchen is not equipped well enough.
That's always the thing about cooking, too.
Such a special thing, that you, where more, well where the preparation is more difficult.
You don't have all the equipment in such as small kitchen and then you have to get additional things.",D:\BridgeDEUX\analysis\mobile_benchmark_audio_100\mslt\MSLT_Test_DE_0736.T0.de.wav,"Ich glaube nicht. Ich glaube, dass die Küche nicht gut genug ausgerüstet ist. Das ist halt auch mal die Sache beim Kochen, so spezielle Sachen, die man wo man da mehr Zubereitungs, also wo die Zubereitung schwieriger ist. Da hat man dann im Wert gerade in so einer kleinen Küche gar nicht das equipmenten, da muss man sich dann irgendwie noch Sachen dazu holen.",0.2711864406779661,0.21337579617834396,"I don't think so. So I think the kitchen is not well equipped enough. That's always the thing when cooking. So special thing that you, where you then more, where the preparation is more difficult. Then in such a small kitchen you don't have the equipment at all and then you have to get things to it.","I don't think so. So I think that the kitchen is not well equipped enough. That's always the thing when cooking. So special thing that you, where you are then more, where the preparation is more difficult. Then you don't have the equipment in such a small kitchen at all and then you have to get things for it.","I don't think so. I don't think the kitchen is well equipped enough. That's just the thing with cooking, so special things that you where you have more preparation, so where the preparation is more difficult. Then you don't even have the equipment in such a small kitchen, then you have to somehow get things to do with it.","I don't think so. I don't think the kitchen is well equipped enough. That's just the thing with cooking, so special things that you where you have more preparation, so where the preparation is more difficult. Since you don't have the equipment in such a small kitchen at all, then you have to somehow get things to do with it.",71.76343479222074,72.00778712728737,62.65104848195321,64.30144110089151,0.24435233506663678,1.650392618938298,1.4060402838716612,0.31351107358932495,0.41994455456733704,0.34735918045043945,0.4139670431613922,0.33677932620048523,0.39880692958831787,0.10643348097801208,0.06660786271095276,-0.039825618267059326
0828,"Gelesen, beziehungsweise gehört.
Aber ich hab's auf Französisch und auf Französisch ist es noch schöner.
Aber ich meine, der kleine Prinz ist einfach schön.","Read, or heard as the case my be.
But I have got it in French and in French it is even more beautiful.
But I mean, The Little Prince is just beautiful.",D:\BridgeDEUX\analysis\mobile_benchmark_audio_100\mslt\MSLT_Test_DE_0828.T0.de.wav,gelesen und zu sein gehört aber ich habe es auch französisch und französisch ist noch schöner aber ich meine nur kleine pretty sof alles ist einfach schön,0.5,0.26,"Read it, or hear it, but I've got it in French and it's even more beautiful in French, but I mean, the little prince is just beautiful.","It's more beautiful in French, but I mean, the little prince is just beautiful.",read and heard to be but I also have it French and French is even more beautiful but I mean only small pretty sof everything is just nice,read and heard to be but I also have it French and French is even more beautiful but I mean only small pretty sof everything is just beautiful,59.5137617056279,38.72735641498273,39.295100068548585,44.727139333316785,-20.78640529064517,5.4320392647682,26.21844455541337,0.5709171295166016,-0.1188170537352562,-0.2939300537109375,-0.2695592939853668,-0.23195284605026245,-0.20911240577697754,-0.6897341832518578,0.02437075972557068,0.7141049429774284
0856,"Das ist ja lieb.
Also deine älteste Katze ist männerfixiert auf Deutsch gesagt.","That's so sweet.
So your oldest cat is fixated on men, as we say in German.",D:\BridgeDEUX\analysis\mobile_benchmark_audio_100\mslt\MSLT_Test_DE_0856.T0.de.wav,"Das ist ja lieb, also deine älteste Katze ist menna fixiert auf Deutsch gesagt.",0.15384615384615385,0.03896103896103896,"That's sweet, so your oldest cat is man-fixed in German.","That's sweet, so your oldest cat is man-fixed in German.","That's sweet, so your oldest cat is said menna fixed in German.","That's sweet, so your oldest cat is menna fixed in German.",51.33578844908229,51.33578844908229,52.07838414587053,52.13479482762145,0.0,0.05641068175091846,0.05641068175091846,-0.15185925364494324,-0.15185925364494324,-0.673430860042572,-0.6776126027107239,-0.667427122592926,-0.6547233462333679,0.0,-0.0041817426681518555,-0.0041817426681518555
0902,Und,And,D:\BridgeDEUX\analysis\mobile_benchmark_audio_100\mslt\MSLT_Test_DE_0902.T0.de.wav,und äh,1.0,1.0,And,And,and e.g.,and e.g.,100.0,100.0,22.166666666666664,22.166666666666664,0.0,0.0,0.0,1.2720811367034912,1.2720811367034912,-0.6248906254768372,-0.6248906254768372,-0.7969387173652649,-0.7969387173652649,0.0,0.0,0.0
0908,Okay.,Okay.,D:\BridgeDEUX\analysis\mobile_benchmark_audio_100\mslt\MSLT_Test_DE_0908.T0.de.wav,Okay.,0.0,0.0,Okay.,Okay.,Okay.,Okay.,100.0,100.0,100.0,100.0,0.0,0.0,0.0,1.3264212608337402,1.3264212608337402,1.3264212608337402,1.3264212608337402,1.3264212608337402,1.3264212608337402,0.0,0.0,0.0
0914,Weil die dann unsere Volkswirtschaft tragen.,Because then they're carrying our national economy.,D:\BridgeDEUX\analysis\mobile_benchmark_audio_100\mslt\MSLT_Test_DE_0914.T0.de.wav,Weil die halt unsere Feuersellschaft tragen.,0.3333333333333333,0.27906976744186046,Because they'll carry our economy.,Because they'll carry our economy.,Because they're wearing our fire squad.,Because they're wearing our fire squad.,43.08283497547471,43.08283497547471,35.77723087485783,35.77723087485783,0.0,0.0,0.0,0.6517720818519592,0.6517720818519592,-1.2547893524169922,-1.2547893524169922,-1.2210099697113037,-1.2210099697113037,0.0,0.0,0.0
0925,Ja.,Yes.,D:\BridgeDEUX\analysis\mobile_benchmark_audio_100\mslt\MSLT_Test_DE_0925.T0.de.wav,ja,0.0,0.0,Yeah.,Yeah.,Yes,yes,25.507159904534603,25.507159904534603,65.61085972850678,22.095959595959595,0.0,-43.51490013254718,-43.51490013254718,1.1403825283050537,1.1403825283050537,1.2614617347717285,1.203193187713623,1.2571585178375244,1.206121563911438,0.0,-0.05826854705810547,-0.05826854705810547
0939,"Der eigenen vier Wände ist, wie man sich das gerne wünscht.
Und vor allem ist es dann auch teilweise vielleicht dann auch anstrengend dann immer diese Restaurants aufzusuchen.","The own four walls, how you would want it to be.
And most of all it is maybe partly also exhausting then to always go to these restaurants.",D:\BridgeDEUX\analysis\mobile_benchmark_audio_100\mslt\MSLT_Test_DE_0939.T0.de.wav,"Der eigenen Vierwende ist, wie man sich das gerne wünscht. Und v.a. ist es dann auch teilweise vielleicht dann auch anstrengend, dann so ein mal diese Raus aufzusuchen.",0.2857142857142857,0.13953488372093023,"One's own four walls is, as you would like it to be. And above all, it is then sometimes also exhausting to visit these restaurants.",The own four walls is as you would like it to be. And above all it is then sometimes also sometimes exhausting then always to visit these restaurants.,"One's own four-turn is, as you like to wish it. And above all, it's sometimes also exhausting, then a time to find this out.","One's own four-turn is, as you like to wish. And above all, it is then sometimes also exhausting, then a time to find out this out.",52.72006885676497,57.98574894084167,29.03405240432114,30.188627970687033,5.265680084076699,1.1545755663658923,-4.111104517710807,0.46541690826416016,0.6253710985183716,-0.36901411414146423,-0.33397769927978516,-0.336611270904541,-0.3073919713497162,0.15995419025421143,0.03503641486167908,-0.12491777539253235
0942,"Ja, also ich denke, das hängt davon ab, ob ich jetzt gerade nachts unterwegs bin und nach dem Club etwas essen möchte.
Da bin ich wahrscheinlich weniger wählerisch, dadurch das mein Auffassungsvermögen auch ein bisschen verändert ist.
Und dann sehe ich das Ganze nicht mehr so kritisch.
Aber","Yes, well I think it depends if I happen to be on the go at night now and would like to eat something after the club.
I'm less picky there probably, since my powers of observation are also a little different.
And then I don't see the whole thing as critical anymore.
But",D:\BridgeDEUX\analysis\mobile_benchmark_audio_100\mslt\MSLT_Test_DE_0942.T0.de.wav,Ja also ich denke davon ab ob ich jetzt gerade nachts unterwegs bin und nach der disco nach dem club etwas essen möchte da bin ich wahrscheinlich weniger wählerisch dadurch dass mein auffassungsvermögen auch ein bisschen verändert ist und da bin ich sehe ich es ganz nicht mehr so kritisch aber,0.22916666666666666,0.1267605633802817,"Yes, so I think that depends on whether I'm on the road at night and want to eat after the club. I'm probably less picky, so that my perception is a little bit changed. And then I don't see it that critical anymore.","Yeah, well, I think that depends on whether I'm on my way at night and want to eat after the club. I'm probably less picky, so that my perception is changed a little bit. And then I don't see the whole thing so critical anymore.",Yes I'm thinking about whether I'm on the road at night now and after the disco after the club I want something to eat because I'm probably less picky because my comprehension is also a bit changed and I don't see it so critical anymore but,"Yes, so I'm thinking about whether I'm on my way at night now and after the disco after the club I want to eat something because I'm probably less selective because my mental capacity is also a bit changed and I don't see it so critical anymore but",46.55186194475816,50.930682977584,41.413399717448584,39.72777550496187,4.37882103282584,-1.6856242124867151,-6.064445245312555,0.3915419578552246,0.5147914290428162,-0.06556815654039383,-0.25412487983703613,-0.11655177921056747,-0.28511106967926025,0.12324947118759155,-0.1885567232966423,-0.31180619448423386
0943,"Im normalen Zustand würd ich schon sagen, dass Snacks unterm Tag schon trotzdem noch eine hohe Qualität aufweisen sollten.
Dadurch, dass ich auch gewisse Nährstoffe für meinen Körper benötige.","Under normal conditions I would actually say that snacks during the day should still display a high quality.
Because I also require certain nutrients for my body.",D:\BridgeDEUX\analysis\mobile_benchmark_audio_100\mslt\MSLT_Test_DE_0943.T0.de.wav,"Im normalen Zustand würde ich schon sagen, dass Snacks und am Tag schon trotzdem noch eine hohe Qualität aufweisen sollten, dadurch dass ich auch gewisse Nährstoffe für mein Körper benötige.",0.13793103448275862,0.031914893617021274,In normal condition I would say that snacks should still have a high quality during the day. Because I also need certain nutrients for my body.,"In normal condition, I would say that snacks should still have a high quality during the day. Because I also need certain nutrients for my body.","In the normal state I would say that snacks and the day should still have a high quality, because I also need certain nutrients for my body.","In normal condition, I would say that snacks and the day should still have a high quality, because I also need certain nutrients for my body.",69.39703934737823,69.20747207153768,59.49203562711026,63.991652050008476,-0.18956727584054534,4.499616422898214,4.689183698738759,0.867510199546814,0.8690139651298523,0.558522641658783,0.5955654382705688,0.5622422099113464,0.5985029339790344,0.00150376558303833,0.03704279661178589,0.03553903102874756
0946,Okay.,Okay.,D:\BridgeDEUX\analysis\mobile_benchmark_audio_100\mslt\MSLT_Test_DE_0946.T0.de.wav,Okay.,0.0,0.0,Okay.,Okay.,Okay.,Okay.,100.0,100.0,100.0,100.0,0.0,0.0,0.0,1.3264212608337402,1.3264212608337402,1.3264212608337402,1.3264212608337402,1.3264212608337402,1.3264212608337402,0.0,0.0,0.0
0958,"Ja, ich denke, der ideale Kellner, die ideale Kellnerin, sollte auf jeden Fall sehr sozial sein, sehr zuvorkommend, auf die Wünsche des Gast eingehen.","Yes, I think the perfect waiter, the perfect waitress, should definitely be very social, very courteous, respond to the guest's wishes.",D:\BridgeDEUX\analysis\mobile_benchmark_audio_100\mslt\MSLT_Test_DE_0958.T0.de.wav,"Ja, ich denke, der ideale Kellner, der ideale Kellnerin soll darauf jedenfalls sehr sozial sein, sei zuvor kommt auf die Wünsche des Gast eingehen.",0.3333333333333333,0.0979020979020979,"Yes, I think the ideal waiter, the ideal waitress, should definitely be very social, very accommodating, responding to the wishes of the guest.","Yes, I think the ideal waitress, the ideal waitress, should definitely be very social, very accommodating, responding to the wishes of the guest.","Yes, I think the ideal waiter, the ideal waitress is supposed to be very social about it, should first respond to the wishes of the guest.","Yes, I think the ideal waiter, the ideal waitress should at least be very social about it, should first come to the wishes of the guest.",66.817382860935,63.49862312405226,53.535475995437906,48.60756422886692,-3.3187597368827397,-4.927911766570986,-1.6091520296882464,0.7999177575111389,0.5862767100334167,0.3320247530937195,0.18296773731708527,0.31912916898727417,0.1877087652683258,-0.21364104747772217,-0.14905701577663422,0.06458403170108795
0977,In meinem ganzen Leben oder?,In my whole life or?,D:\BridgeDEUX\analysis\mobile_benchmark_audio_100\mslt\MSLT_Test_DE_0977.T0.de.wav,den meinem ganzen leben oder,0.2,0.07407407407407407,"In my whole life, right?","In my whole life, right?","who live all of my life, or","who live all of my life, or",73.59007917788419,73.59007917788419,26.788358825565645,26.788358825565645,0.0,0.0,0.0,0.3176363706588745,0.3176363706588745,-0.2234802544116974,-0.2234802544116974,-0.2072240710258484,-0.2072240710258484,0.0,0.0,0.0
0982,Für die Flitterwochen.,For the honeymoon.,D:\BridgeDEUX\analysis\mobile_benchmark_audio_100\mslt\MSLT_Test_DE_0982.T0.de.wav,für die Flätterwochen.,0.3333333333333333,0.047619047619047616,For the honeymoon.,For the honeymoon.,for the Flatter Weeks.,for the Flatter Weeks.,100.0,100.0,20.582092546782846,20.582092546782846,0.0,0.0,0.0,1.2501665353775024,1.2501665353775024,-1.436363935470581,-1.436363935470581,-1.463759422302246,-1.463759422302246,0.0,0.0,0.0
0996,"Sehr schlechte, aber auch","Very bad ones, but also",D:\BridgeDEUX\analysis\mobile_benchmark_audio_100\mslt\MSLT_Test_DE_0996.T0.de.wav,"Sehr schlechte, aber auch.",0.0,0.0,"Very bad, but also","Very bad, but also","Very bad, but also.","Very bad, but also.",65.14141079273226,65.14141079273226,63.952905796240366,63.952905796240366,0.0,0.0,0.0,0.8398948907852173,0.8398948907852173,0.8538346886634827,0.8538346886634827,0.8663716316223145,0.8663716316223145,0.0,0.0,0.0
0997,In einem sehr guten Hostel.,In a very good hostel.,D:\BridgeDEUX\analysis\mobile_benchmark_audio_100\mslt\MSLT_Test_DE_0997.T0.de.wav,"In einem sehr, sehr guten Hostel.",0.2,0.19230769230769232,In a very good hostel.,In a very good hostel.,"In a very, very good hostel.","In a very, very good hostel.",100.0,100.0,92.82012348434151,92.82012348434151,0.0,0.0,0.0,1.1869773864746094,1.1869773864746094,0.7656118869781494,0.7656118869781494,0.7909939885139465,0.7909939885139465,0.0,0.0,0.0
1046,"Hab ich dort mein neues Hobby kennengelernt, das Surfen.
Und die Sprache Spanisch gefällt mir auch super gut.
Deswegen, ja, fahr ich immer wieder gerne zurück.
Mittlerweile spreche ich auch fließend Spanisch und","Found my new hobby there, surfing.
And I also like Spanish very much as a language.
Yes, that's why I always like to go back again.
By now I speak fluent Spanish too and",D:\BridgeDEUX\analysis\mobile_benchmark_audio_100\mslt\MSLT_Test_DE_1046.T0.de.wav,habe ich dort mein mein mein neues hobby kennengelernt das sörfen und die sprache spanisch gefällt mir auch super gut deswegen ja fahre ich immer wieder gerne zurück mittlerweile spreche ich auch fließen spanisch und,0.18181818181818182,0.06829268292682927,"I got to know my new hobby there, surfing. And I also like the language Spanish very much. That's why, yes, I like to go back again and again.","I got to know my new hobby there, surfing. And I also like the language Spanish very much. That's why, yes, I like to go back again and again. Meanwhile I also speak fluently Spanish and",I have got to know my new hobby and I like the Spanish language super good because I like to drive back again and again by now I also speak Spanish flow and,I've got to know my new hobby and I like the Spanish language super good because I like to drive back again and again by now I also speak fluent Spanish and,60.53134597977934,65.99383386113853,38.002131228173376,43.23714422659777,5.462487881359188,5.235012998424395,-0.2274748829347928,0.6907824277877808,0.6819195747375488,-0.3184085488319397,-0.188398540019989,-0.39260220527648926,-0.25007164478302,-0.008862853050231934,0.13001000881195068,0.13887286186218262
1047,"Ja, übe das immer wieder gerne mit den Einheimischen dort.","Yes, I always enjoy practicing that with the natives there.",D:\BridgeDEUX\analysis\mobile_benchmark_audio_100\mslt\MSLT_Test_DE_1047.T0.de.wav,"Ja, über das sind wir mal wieder gerne mit den einheimischen dort.",0.4,0.19642857142857142,"Yes, do it again and again with the locals there.","Yes, do it again and again with the locals there.","Yeah, we're happy about that again with the locals there.","Yeah, we're happy about that again with the locals there.",31.98085318246589,31.98085318246589,31.061928548490187,31.061928548490187,0.0,0.0,0.0,-0.25771796703338623,-0.25771796703338623,-0.3117618262767792,-0.3117618262767792,-0.3447125554084778,-0.3447125554084778,0.0,0.0,0.0
1054,Ja.,Yes.,D:\BridgeDEUX\analysis\mobile_benchmark_audio_100\mslt\MSLT_Test_DE_1054.T0.de.wav,Ja,0.0,0.0,Yeah.,Yeah.,Yes,Yes,25.507159904534603,25.507159904534603,65.61085972850678,65.61085972850678,0.0,0.0,0.0,1.1403825283050537,1.1403825283050537,1.2614617347717285,1.2614617347717285,1.2604751586914062,1.2604751586914062,0.0,0.0,0.0
1124,Ja.,Yes.,D:\BridgeDEUX\analysis\mobile_benchmark_audio_100\mslt\MSLT_Test_DE_1124.T0.de.wav,Ja.,0.0,0.0,Yeah.,Yeah.,Yeah.,Yeah.,25.507159904534603,25.507159904534603,25.507159904534603,25.507159904534603,0.0,0.0,0.0,1.1403825283050537,1.1403825283050537,1.1403825283050537,1.1403825283050537,1.1403825283050537,1.1403825283050537,0.0,0.0,0.0
1132,Aber egal was man jetzt,But no matter what you now,D:\BridgeDEUX\analysis\mobile_benchmark_audio_100\mslt\MSLT_Test_DE_1132.T0.de.wav,"Oh mein Gott, das mag ich jetzt.",1.2,0.6956521739130435,But no matter what you do now,But no matter what you do now,"Oh, my God, I like that now.","Oh, my God, I like that now.",86.74355158559779,86.74355158559779,13.429870304405103,13.429870304405103,0.0,0.0,0.0,0.8389760255813599,0.8389760255813599,-1.28515625,-1.28515625,-1.2993398904800415,-1.2993398904800415,0.0,0.0,0.0
1133,Okay.,Okay.,D:\BridgeDEUX\analysis\mobile_benchmark_audio_100\mslt\MSLT_Test_DE_1133.T0.de.wav,Okay.,0.0,0.0,Okay.,Okay.,Okay.,Okay.,100.0,100.0,100.0,100.0,0.0,0.0,0.0,1.3264212608337402,1.3264212608337402,1.3264212608337402,1.3264212608337402,1.3264212608337402,1.3264212608337402,0.0,0.0,0.0
1142,"Okay, krass.","Okay, crazy.",D:\BridgeDEUX\analysis\mobile_benchmark_audio_100\mslt\MSLT_Test_DE_1142.T0.de.wav,"Ja, okay, auch das.",1.5,1.0,"Okay, crazy.","Okay, it's amazing.","Yeah, okay, that too.","Yeah, okay, that too.",100.0,34.63945798418327,18.512471242760377,18.512471242760377,-65.36054201581673,0.0,65.36054201581673,1.3077716827392578,0.5554937124252319,-0.4442620277404785,-0.4442620277404785,-0.21333330869674683,-0.21333330869674683,-0.7522779703140259,0.0,0.7522779703140259
1145,Ja.,Yes.,D:\BridgeDEUX\analysis\mobile_benchmark_audio_100\mslt\MSLT_Test_DE_1145.T0.de.wav,Ja.,0.0,0.0,Yeah.,Yeah.,Yeah.,Yeah.,25.507159904534603,25.507159904534603,25.507159904534603,25.507159904534603,0.0,0.0,0.0,1.1403825283050537,1.1403825283050537,1.1403825283050537,1.1403825283050537,1.1403825283050537,1.1403825283050537,0.0,0.0,0.0
1154,Ja.,Yes.,D:\BridgeDEUX\analysis\mobile_benchmark_audio_100\mslt\MSLT_Test_DE_1154.T0.de.wav,ja,0.0,0.0,Yeah.,Yeah.,Yes,yes,25.507159904534603,25.507159904534603,65.61085972850678,22.095959595959595,0.0,-43.51490013254718,-43.51490013254718,1.1403825283050537,1.1403825283050537,1.2614617347717285,1.203193187713623,1.2571585178375244,1.206121563911438,0.0,-0.05826854705810547,-0.05826854705810547
1175,Ja.,Yes.,D:\BridgeDEUX\analysis\mobile_benchmark_audio_100\mslt\MSLT_Test_DE_1175.T0.de.wav,Ja.,0.0,0.0,Yeah.,Yeah.,Yeah.,Yeah.,25.507159904534603,25.507159904534603,25.507159904534603,25.507159904534603,0.0,0.0,0.0,1.1403825283050537,1.1403825283050537,1.1403825283050537,1.1403825283050537,1.1403825283050537,1.1403825283050537,0.0,0.0,0.0
1187,"Ja, mein bester Freund hat gemacht.","Yes, my best friend did.",D:\BridgeDEUX\analysis\mobile_benchmark_audio_100\mslt\MSLT_Test_DE_1187.T0.de.wav,"Ja, mein bester Freund hat gemacht.",0.0,0.0,"Yeah, my best friend made it.","Yeah, my best friend made it.","Yeah, my best friend made it.","Yeah, my best friend made it.",61.126049025292815,61.126049025292815,61.126049025292815,61.126049025292815,0.0,0.0,0.0,0.12316026538610458,0.12316026538610458,0.12316026538610458,0.12316026538610458,0.12316026538610458,0.12316026538610458,0.0,0.0,0.0
1188,Ja.,Yes.,D:\BridgeDEUX\analysis\mobile_benchmark_audio_100\mslt\MSLT_Test_DE_1188.T0.de.wav,ja,0.0,0.0,Yeah.,Yeah.,Yes,yes,25.507159904534603,25.507159904534603,65.61085972850678,22.095959595959595,0.0,-43.51490013254718,-43.51490013254718,1.1403825283050537,1.1403825283050537,1.2614617347717285,1.203193187713623,1.2571585178375244,1.206121563911438,0.0,-0.05826854705810547,-0.05826854705810547
1235,"Bester dein Lieblingsfußballclub, wenn du so ein Fußballfreak bist?
Was ist denn dann so dein Lieblingsverein?","Best your favorite soccer club, if you are such a soccer freak?
So what is your favorite team then?",D:\BridgeDEUX\analysis\mobile_benchmark_audio_100\mslt\MSLT_Test_DE_1235.T0.de.wav,"Besser dein Lieblings-Fußballklopende, so ein Fussball-Freak-Best.",0.8125,0.514018691588785,"Best your favorite football club, if you're such a football freak? What is your favorite club?","Best your favorite football club, if you're such a football freak? What's your favorite club?","Better your favorite football clop, such a football freak best.","Better your favorite football clop, such a football freak best.",56.11301111626137,52.1471965973239,25.15873895096195,25.15873895096195,-3.9658145189374707,0.0,3.9658145189374707,0.5733738541603088,0.5260105729103088,-1.260279893875122,-1.260279893875122,-1.2879297733306885,-1.2879297733306885,-0.04736328125,0.0,0.04736328125
1252,"Aber ich finde das trotzdem schwer, wenn man drei vier Jahre nicht auf dem Eis war, dann wieder bisschen zu fahren.","But I still find it a little hard, when you haven't been on the ice for three or four years, to start skating again a little.",D:\BridgeDEUX\analysis\mobile_benchmark_audio_100\mslt\MSLT_Test_DE_1252.T0.de.wav,"Aber ich finde es trotzdem schwer, wenn man drei, vier Jahre nicht auf dem Eis war, dann wieder ein bisschen zu fahren.",0.09523809523809523,0.05357142857142857,"But I still find this difficult, if you were not on the ice for three four years, then to drive again a little.","But I still find it difficult if you were not on the ice for three four years, then to drive again a bit.","But I still find it difficult if you weren't on the ice for three or four years, then drive a little again.","But I still find it difficult if you were not on the ice for three or four years, then to drive a little again.",52.72461291723486,48.43187944247728,55.634542859049674,55.42921145196429,-4.292733474757576,-0.20533140708538156,4.087402067672194,0.11116043478250504,0.0622936487197876,0.27649039030075073,0.24469634890556335,0.32368865609169006,0.26376280188560486,-0.04886678606271744,-0.03179404139518738,0.01707274466753006
1343,"Ja, stimmt.
Ich muss dort reden.
Ja, ich find hier gerade nicht die Themen wodrüber wir reden können.
Moment.","Yes, that's right.
I have to talk there.
Yeah, I'm not really finding the themes here that we can talk about.
Moment.",D:\BridgeDEUX\analysis\mobile_benchmark_audio_100\mslt\MSLT_Test_DE_1343.T0.de.wav,"Oh ja ja, ich muss doch drin. Ah ja, ich finde hier gerade nicht die Themen, wo darüber wir reden können.",0.47368421052631576,0.2524271844660194,"Yeah, right, I need to talk there, yeah, I can't find the issues we can talk about right now.","Yeah, right, I need to talk there, yeah, I can't find the things that we can talk about right now.","Oh, yeah, I've got to go inside.","Oh, yes, yes, I have to be in it. Ah, yes, I can't find here the topics where we can talk about it.",37.05074327363348,42.105703276780396,8.995610673717822,32.776677465175766,5.054960003146917,23.781066791457945,18.72610678831103,0.5848824381828308,0.6129685044288635,-1.247202754020691,0.0488002672791481,-1.252543568611145,0.05188325047492981,0.028086066246032715,1.296003021299839,1.2679169550538063
1347,"Hey Popeye.
Der ist doch so eine Karikaturfigur und wenn der Spinat isst, dann wird der megastark.","Hey Popeye.
He's some kind of caricature, right, and when he eats spinach he gets super strong.",D:\BridgeDEUX\analysis\mobile_benchmark_audio_100\mslt\MSLT_Test_DE_1347.T0.de.wav,"Pop-by. Hey Pop-by, der ist das so so eine karrikaturfigur und wenn der Spinat ist, dann wird der Menge stark.",0.47058823529411764,0.18947368421052632,"Hey Popeye, he's such a caricature figure, and if the spinach eats, it's gonna be huge.","Hey Popeye, he's such a cartoon figure, and if the spinach eats, it's gonna be huge.","Pop-by. Hey Pop-by, he's such a cartoon figure, and when the spinach is, the crowd gets strong.","Pop-by. Hey Pop-by, he's such a caricature figure, and if the spinach is, then the crowd gets strong.",35.77077354750194,30.667391780741575,36.604242106569544,38.122963298364745,-5.103381766760364,1.5187211917952013,6.6221029585555655,-0.031750477850437164,-0.2007242739200592,-0.2626638114452362,-0.29338985681533813,-0.31146764755249023,-0.3242044150829315,-0.16897379606962204,-0.03072604537010193,0.1382477506995201
1385,Das ist ja krass.,That's nuts.,D:\BridgeDEUX\analysis\mobile_benchmark_audio_100\mslt\MSLT_Test_DE_1385.T0.de.wav,Das ist ja etwas.,0.25,0.25,That's so bad.,That's amazing.,That's something.,That's something.,38.40250743128992,37.71337987737455,38.77839933148782,38.77839933148782,-0.6891275539153696,0.0,0.6891275539153696,0.31800252199172974,0.20629575848579407,-0.9740288853645325,-0.9740288853645325,-0.8490921854972839,-0.8490921854972839,-0.11170676350593567,0.0,0.11170676350593567
1438,"Ja, Laos und Myanmar.","Yes, Laos and Myanmar.",D:\BridgeDEUX\analysis\mobile_benchmark_audio_100\mslt\MSLT_Test_DE_1438.T0.de.wav,"Ja, allows und mir ma.",0.75,0.3684210526315789,"Yes, Laos and Myanmar.","Yes, Laos and Myanmar.","Yes, allows and me ma.","Yes, allows and me ma.",100.0,100.0,28.637380279308466,28.637380279308466,0.0,0.0,0.0,1.2364686727523804,1.2364686727523804,-1.2311992645263672,-1.2311992645263672,-1.2628228664398193,-1.2628228664398193,0.0,0.0,0.0
1453,"Ja, tschüss.","Yeah, bye.",D:\BridgeDEUX\analysis\mobile_benchmark_audio_100\mslt\MSLT_Test_DE_1453.T0.de.wav,"Ja, tschüss!",0.0,0.0,"Yeah, bye-bye.","Yeah, bye.","Yes, bye!","Yes, bye!",75.72724953512929,100.0,31.201970961482317,31.201970961482317,24.27275046487071,0.0,-24.27275046487071,0.9633481502532959,1.2274296283721924,0.9527643918991089,0.9527643918991089,0.9387213587760925,0.9387213587760925,0.2640814781188965,0.0,-0.2640814781188965
1469,Und,And,D:\BridgeDEUX\analysis\mobile_benchmark_audio_100\mslt\MSLT_Test_DE_1469.T0.de.wav,und ähm,1.0,1.3333333333333333,And,And,Of a kind used in the manufacture of motor vehicles,Of a kind used in the manufacture of motor vehicles,100.0,100.0,7.218895542248835,7.218895542248835,0.0,0.0,0.0,1.2720811367034912,1.2720811367034912,-1.4685008525848389,-1.4685008525848389,-1.5070616006851196,-1.5070616006851196,0.0,0.0,0.0
1517,Was war dein letzter Kinofilm?,When was your last movie at a theater?,D:\BridgeDEUX\analysis\mobile_benchmark_audio_100\mslt\MSLT_Test_DE_1517.T0.de.wav,Was war dein letzter Kino für?,0.4,0.13793103448275862,What was your last movie?,What was your last movie?,What was your last movie?,What was your last movie?,53.616591650621416,53.616591650621416,53.616591650621416,53.616591650621416,0.0,0.0,0.0,0.34980615973472595,0.34980615973472595,0.34980615973472595,0.34980615973472595,0.2380443513393402,0.2380443513393402,0.0,0.0,0.0
1535,"Ja, zum Junggesellenabschied von dem.","Yes, for his bachelor party.",D:\BridgeDEUX\analysis\mobile_benchmark_audio_100\mslt\MSLT_Test_DE_1535.T0.de.wav,ja zum jungen gesellen Abschied von dem,0.6,0.11428571428571428,"Yeah, to the bachelor party of that guy.","Yeah, to the bachelor party of that guy.",yes to the young companion farewell from the,yes to the young companion farewell to the,46.452741774874326,46.452741774874326,10.900140440187064,10.59091435557274,0.0,-0.3092260846143233,-0.3092260846143233,-0.19951221346855164,-0.19951221346855164,-1.2920547723770142,-1.299485206604004,-1.2933273315429688,-1.2947885990142822,0.0,-0.007430434226989746,-0.007430434226989746
1547,"Ja, Mr. Big ist Mr. Big.","Yes, Mr. Big is Mr. Big.",D:\BridgeDEUX\analysis\mobile_benchmark_audio_100\mslt\MSLT_Test_DE_1547.T0.de.wav,"Ja, Mr. Biggest, Mr. Biggest, Mr. Bigg.",0.6666666666666666,0.6,"Yes, Mr. Big is Mr. Big.","Yes, Mr. Big is Mr. Big.","Yes, Mr. Biggest, Mr. Biggest, Mr. Bigg.","Yes, Mr. Biggest, Mr. Biggest, Mr. Bigg.",100.0,100.0,57.17507821786702,57.17507821786702,0.0,0.0,0.0,1.2909371852874756,1.2909371852874756,0.4557340145111084,0.4557340145111084,0.722389280796051,0.722389280796051,0.0,0.0,0.0
1548,Ja.,Yes.,D:\BridgeDEUX\analysis\mobile_benchmark_audio_100\mslt\MSLT_Test_DE_1548.T0.de.wav,ja,0.0,0.0,Yeah.,Yeah.,Yes,yes,25.507159904534603,25.507159904534603,65.61085972850678,22.095959595959595,0.0,-43.51490013254718,-43.51490013254718,1.1403825283050537,1.1403825283050537,1.2614617347717285,1.203193187713623,1.2571585178375244,1.206121563911438,0.0,-0.05826854705810547,-0.05826854705810547
1561,Mein Lieblingsschauspieler.,My favorite actor.,D:\BridgeDEUX\analysis\mobile_benchmark_audio_100\mslt\MSLT_Test_DE_1561.T0.de.wav,Mein Lieblingschauspieler,0.5,0.038461538461538464,My favorite actor.,My favorite actor.,My favorite actor,My favorite actor,100.0,100.0,89.37408883242252,89.37408883242252,0.0,0.0,0.0,1.2451937198638916,1.2451937198638916,1.1104727983474731,1.1104727983474731,1.0690540075302124,1.0690540075302124,0.0,0.0,0.0
1584,"Ja, und ich glaube, einer ihrer Lieblingsfilme ist Walk The Line.","Yes, and I think one of her favorite movies is Walk The Line.",D:\BridgeDEUX\analysis\mobile_benchmark_audio_100\mslt\MSLT_Test_DE_1584.T0.de.wav,Ja und ich glaube einer ihrer Lieblingsfilme ist walk the line,0.0,0.0,"Yeah, and I think one of her favorite movies is Walk The Line.","Yeah, and I think one of her favorite movies is Walk The Line.",Yes and I think one of her favorite movies is walk the line,Yes and I think one of her favorite movies is walk the line,93.89648941433123,93.89648941433123,70.99299746244003,70.99299746244003,0.0,0.0,0.0,1.0254825353622437,1.0254825353622437,0.787118136882782,0.787118136882782,0.7819032073020935,0.7819032073020935,0.0,0.0,0.0
1618,"Würd ich empfehlen, dass man das Gleiche macht als Normalanleger als wie wir Broker machen.
Mindestens.","I'd recommend that you do the same thing as a regular investor that we brokers do.
At least.",D:\BridgeDEUX\analysis\mobile_benchmark_audio_100\mslt\MSLT_Test_DE_1618.T0.de.wav,"Würde ich empfehlen, dass man das gleiche macht, dass es normal anlieger ist, wie wir Proker machen mindestens.",0.4375,0.12,I would recommend that you do the same thing as a normal investor as we do brokers. At least.,I would recommend that you do the same thing as a normal investor as we do brokers. At least.,I would recommend that you do the same thing that it's normally adjacent as we make prokers at least.,"I'd recommend that you do the same thing that it's normally adjacent, as we make prokers at least.",69.37608048377486,69.37608048377486,54.70994137751228,57.43017314174925,0.0,2.7202317642369707,2.7202317642369707,0.7755863070487976,0.7755863070487976,-0.5185388326644897,-0.4842844605445862,-0.5646291375160217,-0.5381733775138855,0.0,0.034254372119903564,0.034254372119903564
1622,"Ja klar zeigst, du hast nicht das erste genommen, was dir vor die Füße geworfen wurde, sondern du hattest genug Zeit, das richtige","Yeah sure you show you didn't take the first one that was thrown at your feet, but you had enough time so the right one",D:\BridgeDEUX\analysis\mobile_benchmark_audio_100\mslt\MSLT_Test_DE_1622.T0.de.wav,"klar zeigt, du hast nicht das erste genommen, was die vor der Füße geworfen wurde, sondern du hattest genug Zeit das richtige.",0.17391304347826086,0.05555555555555555,"Of course, you didn't take the first thing that was thrown at your feet, but you had enough time, the right one.","Of course, you didn't take the first thing that was thrown at your feet, but you had enough time to get the right","clearly shows you didn't take the first thing that was thrown in front of your feet, but you had enough time to do the right thing.","clearly shows you didn't take the first thing that was thrown in front of your feet, but you had enough time to get the right one.",74.46496449596928,71.69449761044953,67.13621481980863,69.66743669212816,-2.7704668855197525,2.5312218723195343,5.301688757839287,0.6675663590431213,0.6189864277839661,0.46402883529663086,0.6517342925071716,0.42271333932876587,0.625141441822052,-0.04857993125915527,0.18770545721054077,0.23628538846969604
1624,Nicht.,Not.,D:\BridgeDEUX\analysis\mobile_benchmark_audio_100\mslt\MSLT_Test_DE_1624.T0.de.wav,Nichts ah.,2.0,0.8,Don't.,Don't.,Nothing ah.,Nothing ah.,24.804177545691903,24.804177545691903,34.35788729906377,34.35788729906377,0.0,0.0,0.0,-0.7120528817176819,-0.7120528817176819,-0.14221428334712982,-0.14221428334712982,-0.13777923583984375,-0.13777923583984375,0.0,0.0,0.0
1645,Okay.,Okay.,D:\BridgeDEUX\analysis\mobile_benchmark_audio_100\mslt\MSLT_Test_DE_1645.T0.de.wav,Okay.,0.0,0.0,Okay.,Okay.,Okay.,Okay.,100.0,100.0,100.0,100.0,0.0,0.0,0.0,1.3264212608337402,1.3264212608337402,1.3264212608337402,1.3264212608337402,1.3264212608337402,1.3264212608337402,0.0,0.0,0.0
1691,Eher was für Naturliebhaber.,More something for nature lovers.,D:\BridgeDEUX\analysis\mobile_benchmark_audio_100\mslt\MSLT_Test_DE_1691.T0.de.wav,Eher was für Naturliebhaber.,0.0,0.0,More like something for nature lovers.,More like something for nature lovers.,More like something for nature lovers.,More like something for nature lovers.,90.16117319191356,90.16117319191356,90.16117319191356,90.16117319191356,0.0,0.0,0.0,0.936830461025238,0.936830461025238,0.9368305802345276,0.9368305802345276,0.936830461025238,0.936830461025238,0.0,0.0,0.0
1706,"Nein, ein warmes Land.","No, a warm country.",D:\BridgeDEUX\analysis\mobile_benchmark_audio_100\mslt\MSLT_Test_DE_1706.T0.de.wav,"Nein, in warmes Land.",0.25,0.05,"No, it's a warm country.","No, it's a warm country.","No, in warm land.","No, to warm land.",81.18473384351798,81.18473384351798,26.896361903291233,28.499441732449988,0.0,1.6030798291587551,1.6030798291587551,0.5410261750221252,0.5410261750221252,0.3546258807182312,0.5848631262779236,0.49057549238204956,0.6336079239845276,0.0,0.23023724555969238,0.23023724555969238
1714,"Man muss halt ein bisschen auch darauf achten, was es kostet.","Well, you have to pay a little attention to what it costs.",D:\BridgeDEUX\analysis\mobile_benchmark_audio_100\mslt\MSLT_Test_DE_1714.T0.de.wav,"Man muss halt ein bisschen auch darauf achten, was es kostet.",0.0,0.0,You just have to pay a little attention to what it costs.,You just have to pay a little attention to what it costs.,You just have to pay a little attention to what it costs.,You just have to pay a little attention to what it costs.,82.31837408180938,82.31837408180938,82.31837408180938,82.31837408180938,0.0,0.0,0.0,0.7362973093986511,0.7362973093986511,0.7362973093986511,0.7362973093986511,0.7362973093986511,0.7362973093986511,0.0,0.0,0.0
1789,"Ja, aber wie gut sind die denn?
Wie gut können die spielen?
Die sind dann so gut, dass ich das nicht sehen","Yes, but how good are they actually?
How well do they play?
They're so good that I can't see",D:\BridgeDEUX\analysis\mobile_benchmark_audio_100\mslt\MSLT_Test_DE_1789.T0.de.wav,"Ja, aber wie gut sind sie denn? Wie gut können sie nicht spielen? Die sind dann so gut, dass sie sehr",0.3181818181818182,0.20588235294117646,"Yeah, but how good are they? How good can they play? They're so good that I don't see that.","Yeah, but how good are they? How good can they play? They're so good that I don't see that.","Yeah, but how good are they? How good can they not play?","Yeah, but how good are they? How good can they not play?",67.70294699704242,67.70294699704242,41.1471896953692,41.1471896953692,0.0,0.0,0.0,0.7255679965019226,0.7255679965019226,-0.5974485278129578,-0.5974485278129578,-0.6014918088912964,-0.6014918088912964,0.0,0.0,0.0
1799,"Sehenden halbindonesischen Deutschen.
Den solltest du auf jeden Fall mal kennenlernen.","Seeing half-Indonesian Germans.
You should definitely get to know him.",D:\BridgeDEUX\analysis\mobile_benchmark_audio_100\mslt\MSLT_Test_DE_1799.T0.de.wav,aussehenden im indonesischen halben indonesischen deutschen an den solltest du auf jeden Fall mal kennenler,0.6363636363636364,0.34523809523809523,"Seeing half-Indonesian Germans, you should definitely meet him.","Seeing half-Indonesian Germans, you should definitely get to know him.",looking in the Indonesian half Indonesian German to the you should definitely know,looking in the Indonesian half Indonesian german at the you should definitely know,68.41620838776086,88.66940638430258,48.645222584558425,43.60434014958918,20.253197996541715,-5.040882434969248,-25.294080431510963,0.45903700590133667,0.8119027018547058,-0.860670804977417,-0.9290367960929871,-0.947106659412384,-1.0046013593673706,0.35286569595336914,-0.06836599111557007,-0.4212316870689392
1800,"Und weil er auch da war, hab ich dann Gitarre gespielt und gesungen.
Und es war ganz schön mit den ganzen Mädchen.
Die haben mir dann immer Lieder zugerufen und natürlich konnte ich die ganzen Lieder und hab die dann gespielt.
Aber ja","And because he was also there, I was playing the guitar and sang.
And it was really nice with all the girls.
They always called out songs to me, and of course I knew all the songs and played them.
But yes",D:\BridgeDEUX\analysis\mobile_benchmark_audio_100\mslt\MSLT_Test_DE_1800.T0.de.wav,"Und weil er auch da war, habe ich dann die gitarre gespielt, okissungen und es war ganz schön mit den ganzen Mädchen, die haben mir dann immer Lieder zu gerufen und natürlich konnte ich die ganzen Lieder und habe die gespielt. Aber ja!",0.18604651162790697,0.0782608695652174,"And because he was there, I played guitar and sang it. And it was pretty nice with all the girls. They always shouted songs to me and of course I could play all the songs and then played them.","And because he was there, I played the guitar and sang it. And it was pretty nice with all the girls. They always called me songs and of course I could play all the songs and then I played them.","And because he was there, then I played the guitar, ok, and it was pretty nice with all the girls, they always called me songs and of course I could play all the songs and they played them. But yes!","And because he was there, I then played the guitar, ok, and it was pretty nice with all the girls, who then always called me songs and of course I could play all the songs and they played them. But yes!",67.58260793629518,69.4505411315081,63.529199709086704,63.62370524064871,1.8679331952129274,0.0945055315620067,-1.7734276636509207,0.6527316570281982,0.6013170480728149,0.43104806542396545,0.38382548093795776,0.4324582517147064,0.38411813974380493,-0.0514146089553833,-0.04722258448600769,0.00419202446937561
1802,"Ja, erzähl.","Yes, tell me.",D:\BridgeDEUX\analysis\mobile_benchmark_audio_100\mslt\MSLT_Test_DE_1802.T0.de.wav,"Ja, erzähl ja, erzähl ja.",1.5,1.4444444444444444,"Yeah, tell me.","Yeah, tell me.","Yeah, tell me, tell me.","Yeah, tell me, tell me.",69.13948635069588,69.13948635069588,60.10794174200937,60.10794174200937,0.0,0.0,0.0,1.1192784309387207,1.1192784309387207,0.36247578263282776,0.36247578263282776,0.5068435668945312,0.5068435668945312,0.0,0.0,0.0
1828,"Ja, das","Yes, the",D:\BridgeDEUX\analysis\mobile_benchmark_audio_100\mslt\MSLT_Test_DE_1828.T0.de.wav,ja das,0.0,0.0,"Yes, the","Yes, the",yes the,yes the,100.0,100.0,22.75338861123732,22.75338861123732,0.0,0.0,0.0,1.1947002410888672,1.1947002410888672,0.8902018666267395,0.8902018666267395,0.879533588886261,0.879533588886261,0.0,0.0,0.0
1915,"Ganz kurze Nächte nur.
Oder im Winter?","Only really short nights.
Or in winter?",D:\BridgeDEUX\analysis\mobile_benchmark_audio_100\mslt\MSLT_Test_DE_1915.T0.de.wav,Ganz kurze Nächte nur oder im Winter.,0.0,0.0,Very short nights only. Or in winter?,Short nights only. Or in winter?,Very short nights only or in winter.,Very short nights only or in winter.,67.67064995469534,60.5098194450279,53.60371641723181,53.60371641723181,-7.160830509667434,0.0,7.160830509667434,0.8700023889541626,0.8155500292778015,0.7462058663368225,0.7462058663368225,0.7474188804626465,0.7474188804626465,-0.054452359676361084,0.0,0.054452359676361084
1933,"Ja, voll.
Hat mich auch gefreut.","Yes, totally.
It was a pleasure.",D:\BridgeDEUX\analysis\mobile_benchmark_audio_100\mslt\MSLT_Test_DE_1933.T0.de.wav,"Ja, voll, fand ich auch gefreut.",0.3333333333333333,0.13793103448275862,"Yeah, it was nice to meet you, too.","Yeah, it was nice to meet you, too.","Yeah, full, I was happy to meet you, too.","Yeah, full, I was happy to meet you, too.",16.70020068562649,16.70020068562649,17.780581619113363,17.780581619113363,0.0,0.0,0.0,-0.990011990070343,-0.990011990070343,-1.1867610216140747,-1.1867610216140747,-1.184870958328247,-1.184870958328247,0.0,0.0,0.0
1955,Ein was?,A what?,D:\BridgeDEUX\analysis\mobile_benchmark_audio_100\mslt\MSLT_Test_DE_1955.T0.de.wav,Ein was?,0.0,0.0,A what?,A what?,A what?,A what?,100.0,100.0,100.0,100.0,0.0,0.0,0.0,1.262484073638916,1.262484073638916,1.262484073638916,1.262484073638916,1.262483835220337,1.262483835220337,0.0,0.0,0.0
1957,"Ich glaub, dass war halt nur so nebenbei eine Stimme, die halt erzählt.
Also jetzt.
Oder wieso fragst du?","I think it was just kind of a voice on the side that was narrating.
So now.
Or why do you ask?",D:\BridgeDEUX\analysis\mobile_benchmark_audio_100\mslt\MSLT_Test_DE_1957.T0.de.wav,Also ich glaube das war halt nur so nebenbei eine Stimme an die Halt erzwählter wird oder wie so fragst du?,0.47368421052631576,0.22,"I think that was just a voice by the way, so now, or why do you ask?","I think that was just a voice by the way, so now, or why do you ask?",So I think that was just by the way a voice to the hold gets more elective or how do you ask?,So I think that was just by the way a voice to the hold becomes elective or how do you ask?,44.54915825199491,44.54915825199491,38.78912755324229,38.79171642754547,0.0,0.0025888743031785566,0.0025888743031785566,-0.07998127490282059,-0.07998127490282059,-0.5584772229194641,-0.5018953680992126,-0.5336393713951111,-0.47875723242759705,0.0,0.056581854820251465,0.056581854820251465
1970,Aber Transzendenz gefasst machen.,But transcendence brace for.,D:\BridgeDEUX\analysis\mobile_benchmark_audio_100\mslt\MSLT_Test_DE_1970.T0.de.wav,Aber transzentendens. Du schwaßt machen.,0.75,0.40625,But capture transcendence.,But capture transcendence.,But transcendent.,But transcendent.,48.55414375347603,48.55414375347603,47.423240649782365,47.423240649782365,0.0,0.0,0.0,0.11543632298707962,0.11543632298707962,-0.3591492176055908,-0.3591492176055908,-0.4507840573787689,-0.4507840573787689,0.0,0.0,0.0
2100,Noch eine ganz wichtige Frage.,Another really important question.,D:\BridgeDEUX\analysis\mobile_benchmark_audio_100\mslt\MSLT_Test_DE_2100.T0.de.wav,"Ach, noch eine ganz wichtige Frage.",0.2,0.13793103448275862,Another very important question.,Another very important question.,"Oh, another very important question.","Oh, another very important question.",72.77797892993803,72.77797892993803,65.94009560016009,65.94009560016009,0.0,0.0,0.0,1.0445479154586792,1.0445479154586792,0.8411849141120911,0.8411849141120911,0.839523196220398,0.839523196220398,0.0,0.0,0.0
2124,Einer,One,D:\BridgeDEUX\analysis\mobile_benchmark_audio_100\mslt\MSLT_Test_DE_2124.T0.de.wav,einer,0.0,0.0,One,One,of the,of the,100.0,100.0,7.352941176470589,7.352941176470589,0.0,0.0,0.0,1.2610784769058228,1.2610784769058228,-1.2029175758361816,-1.2029175758361816,-1.1972864866256714,-1.1972864866256714,0.0,0.0,0.0
2151,"Ja, stimmt.
Aber möchtest du mich nicht jetzt mal Fragen stellen?","Yes, that's right.
But don't you want to start asking me questions?",D:\BridgeDEUX\analysis\mobile_benchmark_audio_100\mslt\MSLT_Test_DE_2151.T0.de.wav,ja stimmt aber möchtest du mich nicht jetzt mal fragen stellen,0.0,0.0,"Yeah, right, but don't you want to ask me questions now?","Yeah, right, but don't you want to ask me questions now?","yes, but don't you want to ask me now",yes true but don't want to ask me now,49.98121540356904,49.98121540356904,33.52103647988444,22.396413773218875,0.0,-11.124622706665562,-11.124622706665562,0.742950975894928,0.742950975894928,0.22626706957817078,0.14362025260925293,0.17783322930335999,0.11725886911153793,0.0,-0.08264681696891785,-0.08264681696891785
2171,"Ja viele Leute haben Angst, deshalb ist es","Yeah, a lot of people are scared, that's why it's",D:\BridgeDEUX\analysis\mobile_benchmark_audio_100\mslt\MSLT_Test_DE_2171.T0.de.wav,"Ja, viele Leute haben Angst, deshalb ist es.",0.0,0.0,"Yes many people are afraid, so it is","Yeah, a lot of people are scared, so it's","Yeah, a lot of people are scared, that's why it is.","Yeah, a lot of people are scared, that's why it is.",25.148936297858405,74.37799935200279,93.02926199277638,93.02926199277638,49.22906305414438,0.0,-49.22906305414438,0.633179783821106,0.8184571862220764,0.936594545841217,0.936594545841217,0.9470085501670837,0.9470085501670837,0.18527740240097046,0.0,-0.18527740240097046
2273,Und,And,D:\BridgeDEUX\analysis\mobile_benchmark_audio_100\mslt\MSLT_Test_DE_2273.T0.de.wav,Und ähm...,1.0,1.3333333333333333,And,And,"And, um...","And, uh...",100.0,100.0,61.74698795180723,61.74698795180723,0.0,0.0,0.0,1.2720811367034912,1.2720811367034912,-0.028292827308177948,0.11207952350378036,-0.06993239372968674,0.13061952590942383,0.0,0.1403723508119583,0.1403723508119583
