sample_id,prefix_len,fp32_top1_logit,fp32_margin,int8_top1_logit,int8_margin,fp32_argmax_id,int8_argmax_id,margin_diff_abs
common_voice_de_17302468,1,9.439355850219727,0.019893646240234375,9.340526580810547,0.24286556243896484,19,19,0.22297191619873047
common_voice_de_17305962,13,13.969335556030273,0.16871261596679688,14.014320373535156,0.35968589782714844,24779,24779,0.19097328186035156
common_voice_de_17327161,0,13.400157928466797,0.8784856796264648,13.460121154785156,0.8853292465209961,9345,9345,0.00684356689453125
common_voice_de_17328005,8,7.64112663269043,0.04340362548828125,7.170869827270508,0.09857749938964844,135,2029,0.05517387390136719
common_voice_de_17328129,6,9.721585273742676,1.8546228408813477,9.14216136932373,1.7960586547851562,1295,1295,0.058564186096191406
common_voice_de_17328673,0,12.908526420593262,0.019184112548828125,13.327160835266113,0.5195550918579102,38,958,0.500370979309082
common_voice_de_17333207,0,14.288846969604492,0.3964977264404297,14.12148666381836,0.2960681915283203,31788,31788,0.10042953491210938
common_voice_de_17334974,15,13.03624439239502,0.38097572326660156,12.834345817565918,0.2626352310180664,412,412,0.11834049224853516
common_voice_de_17342157,4,10.72168254852295,0.6179733276367188,10.69834041595459,0.820587158203125,21482,21482,0.20261383056640625
common_voice_de_17342158,12,12.879030227661133,0.5804910659790039,12.979519844055176,0.6307945251464844,1731,1731,0.05030345916748047
common_voice_de_17359748,6,11.737069129943848,0.22780990600585938,11.577144622802734,0.4480018615722656,433,433,0.22019195556640625
common_voice_de_17384372,2,13.963594436645508,1.4690256118774414,14.060236930847168,1.3736162185668945,433,433,0.09540939331054688
common_voice_de_17402858,1,10.90562629699707,0.5329189300537109,11.064196586608887,0.7322702407836914,48,48,0.19935131072998047
common_voice_de_17417202,1,12.033756256103516,0.3639183044433594,11.550374031066895,0.06290817260742188,14144,14144,0.3010101318359375
common_voice_de_17488270,0,12.213263511657715,0.2585639953613281,12.303547859191895,0.30524539947509766,36,36,0.04668140411376953
common_voice_de_17509209,6,15.257410049438477,3.3170995712280273,15.258275985717773,3.585481643676758,22,22,0.26838207244873047
common_voice_de_17570271,13,8.825916290283203,0.32576751708984375,8.887124061584473,0.2814302444458008,6102,6102,0.04433727264404297
common_voice_de_17572474,6,8.957287788391113,1.5105938911437988,9.224163055419922,1.3434176445007324,2731,2731,0.1671762466430664
common_voice_de_17625625,2,11.005488395690918,0.3944854736328125,11.032906532287598,0.46378517150878906,2639,2639,0.06929969787597656
common_voice_de_17630009,12,11.397065162658691,1.6016054153442383,11.431652069091797,1.5224428176879883,4,4,0.07916259765625
common_voice_de_17636555,15,7.840226173400879,1.2699403762817383,7.051675796508789,0.6233272552490234,10974,10974,0.6466131210327148
common_voice_de_17667314,0,15.263592720031738,0.6672515869140625,15.09096908569336,0.9119024276733398,131,131,0.24465084075927734
common_voice_de_17780652,0,13.116593360900879,0.8589382171630859,12.47314167022705,0.029109954833984375,5069,5069,0.8298282623291016
common_voice_de_17807333,6,10.458483695983887,3.097649574279785,10.58576488494873,3.3945183753967285,10221,10221,0.29686880111694336
common_voice_de_17851209,5,15.236183166503906,5.088056564331055,15.02160930633545,5.289973258972168,41,41,0.20191669464111328
common_voice_de_17881390,1,13.118202209472656,0.12514114379882812,12.82234001159668,0.2340097427368164,22,22,0.10886859893798828
common_voice_de_17997606,3,11.670225143432617,0.3699979782104492,12.35209846496582,0.920557975769043,137,137,0.5505599975585938
common_voice_de_18063508,11,11.967206954956055,4.406741142272949,12.048160552978516,4.270664215087891,2780,2780,0.1360769271850586
common_voice_de_18184857,2,14.731843948364258,0.19302749633789062,14.961310386657715,0.2721223831176758,90,90,0.07909488677978516
common_voice_de_18194862,3,11.121016502380371,0.1412029266357422,11.171158790588379,0.05599498748779297,43,156,0.08520793914794922
common_voice_de_18196057,10,12.499470710754395,0.5850334167480469,12.163433074951172,0.6136751174926758,35,35,0.028641700744628906
common_voice_de_18198210,9,11.116133689880371,0.21333026885986328,11.033382415771484,0.06977558135986328,1350,1350,0.1435546875
common_voice_de_18199983,21,12.094452857971191,0.5985260009765625,12.022299766540527,0.7479705810546875,4639,4639,0.149444580078125
common_voice_de_18200502,0,13.897041320800781,0.8915433883666992,13.112870216369629,0.09813117980957031,6279,6279,0.7934122085571289
common_voice_de_18201681,17,10.574525833129883,2.228787422180176,10.307204246520996,2.3187570571899414,3,3,0.08996963500976562
common_voice_de_18203356,3,13.566559791564941,1.8101263046264648,13.404350280761719,1.9692630767822266,121,121,0.15913677215576172
common_voice_de_18204487,0,14.072242736816406,0.8414220809936523,14.083559036254883,0.413909912109375,1098,1098,0.42751216888427734
common_voice_de_18206342,1,11.703471183776855,0.6164388656616211,11.785877227783203,0.8690280914306641,22,22,0.25258922576904297
common_voice_de_18206560,12,9.838650703430176,0.04855060577392578,10.520094871520996,0.17127323150634766,73,73,0.12272262573242188
common_voice_de_18211046,1,15.874371528625488,0.5906352996826172,15.606968879699707,0.13100624084472656,393,7643,0.4596290588378906
common_voice_de_18212683,7,11.550127029418945,0.5698394775390625,11.465851783752441,0.6011867523193359,2743,2743,0.03134727478027344
common_voice_de_18212897,8,15.096085548400879,0.23989391326904297,15.041669845581055,0.3195056915283203,52,52,0.07961177825927734
common_voice_de_18212942,0,11.751638412475586,0.4717216491699219,12.008200645446777,0.3398466110229492,64,64,0.13187503814697266
common_voice_de_18217164,0,14.17187213897705,1.2923851013183594,13.755475044250488,1.240248680114746,1301,1301,0.05213642120361328
common_voice_de_18217624,1,14.285807609558105,0.6361074447631836,14.041497230529785,0.2651386260986328,6098,6098,0.3709688186645508
common_voice_de_18218496,0,14.246292114257812,0.22678852081298828,14.316524505615234,0.6690397262573242,7035,432,0.44225120544433594
common_voice_de_18219069,13,4.759735584259033,0.9714689254760742,4.201671600341797,0.874852180480957,570,570,0.09661674499511719
common_voice_de_18220077,1,11.417686462402344,0.1113576889038086,11.13459300994873,0.11358833312988281,36,38,0.0022306442260742188
common_voice_de_18224172,2,8.418920516967773,0.12388134002685547,8.634175300598145,0.5471649169921875,58,58,0.42328357696533203
common_voice_de_18224586,2,13.91417121887207,3.1008996963500977,14.029403686523438,3.473306655883789,128,128,0.3724069595336914
common_voice_de_18225322,5,12.74189567565918,0.26044559478759766,12.888340950012207,0.03863716125488281,22,413,0.22180843353271484
common_voice_de_18232760,7,12.841462135314941,1.4934463500976562,12.262744903564453,1.3810672760009766,4,4,0.11237907409667969
common_voice_de_18268003,0,13.124774932861328,0.2514677047729492,13.313365936279297,0.619232177734375,295,295,0.3677644729614258
common_voice_de_18283748,0,13.567715644836426,0.801666259765625,13.961115837097168,1.4916048049926758,1877,1877,0.6899385452270508
common_voice_de_18334908,3,11.28740406036377,1.155562400817871,10.845057487487793,0.9459075927734375,4,4,0.2096548080444336
common_voice_de_18335303,3,13.843362808227539,0.32877445220947266,13.360201835632324,0.10144329071044922,47321,2,0.22733116149902344
common_voice_de_18341379,12,12.469696044921875,0.3260679244995117,12.147754669189453,0.13222217559814453,2,2,0.1938457489013672
common_voice_de_18347370,1,15.314582824707031,1.637704849243164,15.370461463928223,1.7183151245117188,355,355,0.08061027526855469
common_voice_de_18362046,6,13.423773765563965,0.8898582458496094,13.341413497924805,0.9025459289550781,4,4,0.01268768310546875
common_voice_de_18364890,7,11.93341064453125,0.1420602798461914,11.554266929626465,0.4034585952758789,43,43,0.2613983154296875
common_voice_de_18410463,1,11.664461135864258,0.29102230072021484,11.549911499023438,0.17700767517089844,128,128,0.1140146255493164
common_voice_de_18421245,0,12.53081226348877,1.051137924194336,12.568134307861328,1.1754608154296875,36,36,0.12432289123535156
common_voice_de_18425445,7,9.986236572265625,0.8517513275146484,9.907109260559082,0.6961908340454102,1929,1929,0.15556049346923828
common_voice_de_18429351,16,13.253310203552246,0.7595338821411133,13.206765174865723,0.5751352310180664,4,4,0.18439865112304688
common_voice_de_18442083,0,12.520298957824707,0.2668418884277344,12.59019947052002,0.3610811233520508,146,146,0.0942392349243164
common_voice_de_18461292,8,11.313321113586426,1.3419876098632812,11.33965015411377,1.425644874572754,5138,5138,0.08365726470947266
common_voice_de_18462703,2,6.8877058029174805,0.17577648162841797,6.78124475479126,0.12422752380371094,99,99,0.05154895782470703
common_voice_de_18469860,19,7.740640163421631,0.3804769515991211,6.879493236541748,0.23418521881103516,318,318,0.14629173278808594
common_voice_de_18473869,7,13.274295806884766,0.5714340209960938,13.34062385559082,0.762965202331543,19,19,0.19153118133544922
common_voice_de_18497226,8,9.507524490356445,2.8905081748962402,9.671683311462402,2.398228645324707,3,3,0.4922795295715332
common_voice_de_18517525,0,13.56925106048584,1.237081527709961,13.504229545593262,1.118551254272461,200,200,0.1185302734375
common_voice_de_18527121,2,11.548481941223145,3.497260093688965,10.993746757507324,2.7681570053100586,22,22,0.7291030883789062
common_voice_de_18566375,0,12.726212501525879,0.03142738342285156,12.75992202758789,0.20477771759033203,4085,487,0.17335033416748047
common_voice_de_18569114,0,11.935036659240723,0.5534830093383789,11.47614860534668,0.15840816497802734,26618,131,0.39507484436035156
common_voice_de_18600019,3,13.36509895324707,1.414571762084961,13.213159561157227,1.253936767578125,3423,3423,0.16063499450683594
common_voice_de_18668634,12,12.333088874816895,0.3254585266113281,11.913138389587402,0.14250564575195312,4,2607,0.182952880859375
common_voice_de_18743211,4,14.378774642944336,0.118438720703125,14.255751609802246,0.25925731658935547,413,413,0.14081859588623047
common_voice_de_18750386,0,13.390077590942383,0.2403707504272461,13.413942337036133,0.5490055084228516,93,93,0.30863475799560547
common_voice_de_18789264,0,13.22484016418457,0.062073707580566406,13.037293434143066,0.04268836975097656,5892,295,0.019385337829589844
common_voice_de_18792420,2,12.510246276855469,0.17645645141601562,12.63546371459961,0.4968109130859375,33889,33889,0.3203544616699219
common_voice_de_18802834,6,13.020941734313965,1.6674680709838867,12.750814437866211,1.0685005187988281,12087,12087,0.5989675521850586
common_voice_de_18822923,3,11.2131929397583,2.439826011657715,11.025031089782715,2.2488250732421875,1430,1430,0.19100093841552734
common_voice_de_18833056,0,13.329294204711914,0.24445247650146484,13.428315162658691,0.1327829360961914,140,140,0.11166954040527344
common_voice_de_18838414,0,12.082921981811523,0.13423919677734375,12.038877487182617,0.3522768020629883,64,3704,0.21803760528564453
common_voice_de_18889639,5,14.122002601623535,1.7125768661499023,13.807347297668457,1.6040925979614258,14,14,0.10848426818847656
common_voice_de_18937481,10,13.45870590209961,0.6731996536254883,13.087281227111816,0.1404094696044922,52,5225,0.5327901840209961
common_voice_de_18944419,19,11.773093223571777,0.1428213119506836,11.887283325195312,0.26587867736816406,41,41,0.12305736541748047
common_voice_de_18985706,0,13.3883638381958,0.22211837768554688,13.411627769470215,0.03151893615722656,157,157,0.1905994415283203
common_voice_de_18989129,4,13.301216125488281,1.147953987121582,13.13159465789795,1.1625795364379883,52,52,0.01462554931640625
common_voice_de_18998787,14,8.568597793579102,0.7546753883361816,8.032878875732422,0.44567441940307617,35,35,0.30900096893310547
common_voice_de_19008202,2,10.79772663116455,1.293715476989746,10.951654434204102,1.2667732238769531,14895,14895,0.02694225311279297
common_voice_de_19035527,5,13.212434768676758,0.6884441375732422,13.364336013793945,0.6267013549804688,2059,2059,0.06174278259277344
common_voice_de_19037240,3,14.35242748260498,0.9691200256347656,14.240453720092773,1.2378616333007812,4,4,0.2687416076660156
common_voice_de_19068644,21,6.979532718658447,0.44454240798950195,7.10299015045166,0.5530033111572266,464,464,0.10846090316772461
common_voice_de_19071651,2,12.936833381652832,0.2310800552368164,12.679056167602539,0.12194252014160156,24659,4729,0.10913753509521484
common_voice_de_19119471,10,12.236241340637207,0.42397212982177734,12.143680572509766,0.051848411560058594,853,853,0.37212371826171875
common_voice_de_19120221,8,10.75705337524414,1.3058195114135742,10.05311107635498,0.9334621429443359,13089,13089,0.3723573684692383
common_voice_de_19120641,0,12.689087867736816,1.4439668655395508,12.576200485229492,1.0790958404541016,36,36,0.3648710250854492
common_voice_de_19121220,13,8.518194198608398,0.6044168472290039,8.697942733764648,0.6179447174072266,188,188,0.013527870178222656
common_voice_de_19127233,16,11.785624504089355,1.5217618942260742,11.423317909240723,1.1124801635742188,12121,12121,0.40928173065185547
common_voice_de_19128117,0,12.137139320373535,1.4196853637695312,12.05614948272705,1.4877862930297852,131,131,0.0681009292602539
common_voice_de_19128793,23,10.3482666015625,0.0241546630859375,9.80163860321045,0.07518291473388672,10345,16411,0.05102825164794922
common_voice_de_19129952,0,14.58120059967041,1.4756431579589844,14.462960243225098,1.1353416442871094,36,36,0.340301513671875
common_voice_de_19131717,0,11.56750774383545,0.7895584106445312,10.891925811767578,0.030495643615722656,7436,7436,0.7590627670288086
common_voice_de_19131718,22,8.074718475341797,0.3654518127441406,7.996120452880859,0.17499971389770508,11260,1258,0.19045209884643555
common_voice_de_19134329,5,11.868139266967773,2.606034278869629,11.365304946899414,2.4398441314697266,19,19,0.16619014739990234
common_voice_de_19135732,4,12.652132987976074,0.30260467529296875,12.727110862731934,0.8762216567993164,4,4,0.5736169815063477
common_voice_de_19136684,0,12.43758487701416,0.012083053588867188,12.843484878540039,0.6107997894287109,27830,9126,0.5987167358398438
common_voice_de_19138412,13,7.5442657470703125,0.05848217010498047,7.771240234375,0.3353700637817383,142,186,0.2768878936767578
common_voice_de_19140169,1,11.870131492614746,0.6191644668579102,11.488941192626953,0.1832447052001953,14,14,0.43591976165771484
common_voice_de_19140321,0,11.992278099060059,0.8532676696777344,11.87297534942627,0.8256301879882812,36,36,0.027637481689453125
common_voice_de_19140634,4,12.726751327514648,1.6775846481323242,12.179049491882324,1.615189552307129,7,7,0.06239509582519531
common_voice_de_19142589,3,12.01153564453125,0.2446451187133789,11.990656852722168,0.0359039306640625,2,2,0.2087411880493164
common_voice_de_19144618,10,14.168085098266602,0.11454296112060547,14.078733444213867,0.21347332000732422,154,154,0.09893035888671875
common_voice_de_19144634,13,8.992230415344238,0.3881416320800781,8.765589714050293,0.1798992156982422,142,142,0.20824241638183594
common_voice_de_19145065,3,9.54151725769043,0.010997772216796875,9.103177070617676,0.21178627014160156,41587,41587,0.2007884979248047
common_voice_de_19145153,0,13.556276321411133,0.5728769302368164,12.863139152526855,0.058368682861328125,2146,2146,0.5145082473754883
common_voice_de_19146612,7,11.853300094604492,0.7129945755004883,11.989137649536133,0.8503351211547852,25581,25581,0.13734054565429688
common_voice_de_19147334,0,12.007766723632812,1.3274040222167969,12.36878490447998,1.5272493362426758,231,231,0.1998453140258789
common_voice_de_19148704,0,13.840893745422363,1.9313039779663086,13.87557601928711,1.8854827880859375,36,36,0.045821189880371094
common_voice_de_19151580,0,13.179658889770508,2.755141258239746,12.981568336486816,2.5458478927612305,746,746,0.20929336547851562
common_voice_de_19152597,3,10.490999221801758,0.04395103454589844,10.511232376098633,0.020911216735839844,31967,31967,0.023039817810058594
common_voice_de_19154490,5,12.121078491210938,0.8059539794921875,12.079317092895508,1.1925830841064453,404,404,0.3866291046142578
common_voice_de_19155031,11,13.457143783569336,1.7450361251831055,13.513976097106934,2.0978221893310547,4076,4076,0.3527860641479492
common_voice_de_19159103,6,12.300274848937988,1.7051067352294922,12.172102928161621,1.5278663635253906,4,4,0.17724037170410156
common_voice_de_19159596,0,11.971485137939453,1.0410852432250977,11.951472282409668,1.2534208297729492,746,746,0.21233558654785156
common_voice_de_19160355,1,12.696608543395996,0.7676944732666016,12.507569313049316,0.7038984298706055,9092,9092,0.0637960433959961
common_voice_de_19160374,5,12.378190040588379,0.46212291717529297,12.009788513183594,0.046439170837402344,22,22,0.4156837463378906
common_voice_de_19160375,0,13.018261909484863,1.4336414337158203,12.753375053405762,1.1073675155639648,36,36,0.32627391815185547
common_voice_de_19160753,0,12.111492156982422,0.12055587768554688,12.42406177520752,0.4611635208129883,231,231,0.3406076431274414
common_voice_de_19161700,16,11.04546070098877,0.6133995056152344,10.714798927307129,0.7260618209838867,8,8,0.11266231536865234
common_voice_de_19162146,11,11.349287986755371,0.8990516662597656,11.166189193725586,0.43502330780029297,1488,1488,0.46402835845947266
common_voice_de_19162164,4,9.325277328491211,2.889967441558838,9.517278671264648,2.6251296997070312,28687,28687,0.26483774185180664
common_voice_de_19162908,7,13.849220275878906,0.16605663299560547,13.8865327835083,0.08775520324707031,12,7,0.07830142974853516
common_voice_de_19163435,6,10.940879821777344,1.018777847290039,10.766549110412598,0.7709388732910156,19308,19308,0.24783897399902344
common_voice_de_19163615,0,10.981708526611328,0.11081695556640625,10.948529243469238,0.4250001907348633,36,36,0.31418323516845703
common_voice_de_19163688,0,10.999801635742188,0.04281044006347656,10.950518608093262,0.144500732421875,2038,2038,0.10169029235839844
common_voice_de_19165204,0,13.962946891784668,1.2395191192626953,13.663867950439453,0.7052135467529297,574,574,0.5343055725097656
common_voice_de_19165516,0,13.602849960327148,1.654332160949707,13.670821189880371,1.623072624206543,36,36,0.03125953674316406
common_voice_de_19166157,1,13.371346473693848,0.5659704208374023,13.57274055480957,0.6951093673706055,8754,8754,0.12913894653320312
common_voice_de_19168038,12,10.008877754211426,0.9191608428955078,9.818941116333008,1.3212013244628906,3,3,0.4020404815673828
common_voice_de_19168635,14,10.307694435119629,0.5618724822998047,10.453875541687012,0.5976686477661133,416,416,0.035796165466308594
common_voice_de_19170859,18,7.5335798263549805,0.14826488494873047,7.119707107543945,0.005241870880126953,33,33,0.14302301406860352
common_voice_de_19170979,0,14.14427661895752,0.15546798706054688,14.1605806350708,0.1555652618408203,487,487,9.72747802734375e-05
common_voice_de_19176713,27,9.643506050109863,0.0279083251953125,10.428725242614746,0.6237668991088867,3,266,0.5958585739135742
common_voice_de_19177771,0,11.675785064697266,1.3340692520141602,11.76547622680664,1.2640142440795898,231,231,0.07005500793457031
common_voice_de_19177772,1,10.098283767700195,0.02626323699951172,10.14583683013916,0.1699075698852539,2280,58,0.1436443328857422
common_voice_de_19182960,19,13.638593673706055,0.4528217315673828,13.795461654663086,0.14700603485107422,480,12658,0.3058156967163086
common_voice_de_19207287,3,14.534364700317383,0.46009159088134766,14.1229248046875,0.09088611602783203,256,256,0.3692054748535156
common_voice_de_19209971,0,11.778595924377441,0.836552619934082,11.897911071777344,0.9934396743774414,36,36,0.15688705444335938
common_voice_de_19209973,9,12.773116111755371,1.363947868347168,12.677253723144531,1.0790061950683594,4,4,0.2849416732788086
common_voice_de_19213352,0,12.283713340759277,1.0953369140625,11.814230918884277,0.8360710144042969,1905,1905,0.2592658996582031
common_voice_de_19258149,0,12.617501258850098,0.3553180694580078,12.388751983642578,0.25603199005126953,968,968,0.09928607940673828
common_voice_de_19263929,0,12.009207725524902,1.0123119354248047,12.053272247314453,0.9011049270629883,36,36,0.1112070083618164
common_voice_de_19276306,1,11.906993865966797,0.7194242477416992,12.626260757446289,1.4243535995483398,494,494,0.7049293518066406
common_voice_de_19283545,0,12.20171070098877,1.2635459899902344,12.134833335876465,1.1655826568603516,231,231,0.09796333312988281
common_voice_de_19283966,0,11.703022956848145,1.064070701599121,11.955659866333008,1.359950065612793,36,36,0.2958793640136719
common_voice_de_19291812,19,13.092881202697754,2.2203121185302734,12.328572273254395,1.5737934112548828,910,910,0.6465187072753906
common_voice_de_19295876,19,7.55988883972168,0.3225579261779785,7.303180694580078,0.39441680908203125,1860,1860,0.07185888290405273
common_voice_de_19317920,28,11.329553604125977,0.42104530334472656,11.280268669128418,0.4145212173461914,1452,1452,0.006524085998535156
common_voice_de_19335231,12,9.458563804626465,2.0551748275756836,8.678133964538574,1.165557861328125,2277,2277,0.8896169662475586
common_voice_de_19348877,0,12.12440299987793,0.12414073944091797,12.297744750976562,0.3345823287963867,131,131,0.21044158935546875
common_voice_de_19353561,17,9.797005653381348,1.371129035949707,9.827923774719238,1.27288818359375,3,3,0.09824085235595703
common_voice_de_19364456,10,12.245758056640625,0.6591091156005859,12.101123809814453,0.5490322113037109,14,14,0.110076904296875
common_voice_de_19383803,0,12.136944770812988,0.022129058837890625,12.299793243408203,0.27495384216308594,742,441,0.2528247833251953
common_voice_de_19389646,5,11.435074806213379,0.46837902069091797,11.027698516845703,0.19043636322021484,44955,44955,0.2779426574707031
common_voice_de_19400082,0,13.057577133178711,0.11180305480957031,13.48319149017334,0.6483221054077148,8678,8678,0.5365190505981445
common_voice_de_19417371,0,12.550802230834961,0.9381217956542969,12.76538372039795,1.1245832443237305,231,231,0.1864614486694336
common_voice_de_19421370,7,12.349579811096191,0.6575918197631836,12.368775367736816,0.5088682174682617,8327,8327,0.14872360229492188
common_voice_de_19423007,5,10.746768951416016,1.525132179260254,10.101293563842773,1.2686796188354492,7151,7151,0.2564525604248047
common_voice_de_19429812,0,12.159266471862793,0.10351943969726562,12.196922302246094,0.105133056640625,4744,4744,0.001613616943359375
common_voice_de_19432908,0,13.574145317077637,0.04439067840576172,13.455448150634766,0.06517314910888672,36,140,0.020782470703125
common_voice_de_19442854,16,9.192686080932617,0.21281719207763672,9.395841598510742,0.4033546447753906,13,13,0.1905374526977539
common_voice_de_19453181,18,7.650579452514648,0.8632321357727051,7.653875827789307,0.8565607070922852,172,172,0.006671428680419922
common_voice_de_19456336,0,13.332916259765625,1.4479084014892578,13.51078987121582,1.4050569534301758,15036,15036,0.04285144805908203
common_voice_de_19461209,1,10.642121315002441,0.19866275787353516,10.44957447052002,0.3231544494628906,2,2,0.12449169158935547
common_voice_de_19489798,0,13.24005126953125,0.4313507080078125,13.273436546325684,0.569127082824707,7230,7230,0.13777637481689453
common_voice_de_19490814,0,11.379755973815918,0.04165840148925781,11.588933944702148,0.11795997619628906,64,231,0.07630157470703125
common_voice_de_19491045,0,13.683733940124512,0.42717552185058594,13.898366928100586,0.6559000015258789,3320,3320,0.22872447967529297
common_voice_de_19500286,18,8.400559425354004,0.1184682846069336,8.351266860961914,0.4680509567260742,4316,4316,0.3495826721191406
common_voice_de_19502615,13,6.881599426269531,1.173891544342041,7.320955276489258,1.4805645942687988,10039,10039,0.3066730499267578
common_voice_de_19508248,0,11.49996566772461,1.3394784927368164,11.698163986206055,1.4958295822143555,231,231,0.15635108947753906
common_voice_de_19548715,7,13.720454216003418,2.8866138458251953,13.647268295288086,3.019512176513672,4,4,0.13289833068847656
common_voice_de_19550755,0,12.524703979492188,1.0437602996826172,12.506843566894531,1.3052215576171875,231,231,0.2614612579345703
common_voice_de_19551022,2,11.597476959228516,0.5744619369506836,11.622908592224121,0.6357879638671875,610,610,0.061326026916503906
common_voice_de_19551413,0,13.228891372680664,2.077301025390625,13.069571495056152,1.5642728805541992,36,36,0.5130281448364258
common_voice_de_19551954,0,12.275533676147461,1.2544012069702148,12.249267578125,1.3936080932617188,36,36,0.1392068862915039
common_voice_de_19561155,0,11.112119674682617,1.0583620071411133,10.911859512329102,0.9529943466186523,3346,3346,0.10536766052246094
common_voice_de_19567715,3,9.988179206848145,0.3229713439941406,10.170275688171387,0.3671293258666992,4156,4156,0.044157981872558594
common_voice_de_19568461,7,10.28582763671875,0.30654048919677734,9.741026878356934,0.014506340026855469,4532,13160,0.2920341491699219
common_voice_de_19578205,13,8.466765403747559,0.18106937408447266,8.719743728637695,0.18651580810546875,142,142,0.005446434020996094
common_voice_de_19578328,0,10.877972602844238,0.7167110443115234,10.858359336853027,0.3786478042602539,746,746,0.33806324005126953
common_voice_de_19585970,0,13.234620094299316,0.5475730895996094,13.187541961669922,0.6254682540893555,36,36,0.0778951644897461
common_voice_de_19588222,12,12.43413257598877,1.9439020156860352,12.449166297912598,1.8306198120117188,2,2,0.1132822036743164
common_voice_de_19591632,0,11.623568534851074,0.04206275939941406,11.965906143188477,0.29581165313720703,742,742,0.25374889373779297
common_voice_de_19597337,13,11.331852912902832,0.15290355682373047,11.481603622436523,0.588862419128418,1210,1210,0.4359588623046875
common_voice_de_19601476,14,11.69113540649414,0.6027774810791016,11.38503360748291,0.41568470001220703,23,23,0.18709278106689453
common_voice_de_19601792,12,11.834590911865234,0.7444686889648438,11.93551254272461,1.2474966049194336,3123,3123,0.5030279159545898
common_voice_de_19614641,0,10.494894981384277,0.3166532516479492,10.014480590820312,0.057415008544921875,34022,36,0.25923824310302734
common_voice_de_19614786,6,9.590362548828125,0.34869384765625,9.860016822814941,0.5096673965454102,3493,3493,0.16097354888916016
common_voice_de_19614922,0,13.631059646606445,0.2079935073852539,13.578402519226074,0.17372417449951172,4264,4264,0.03426933288574219
common_voice_de_19616784,9,11.542679786682129,0.4346742630004883,10.928191184997559,0.059230804443359375,5,5,0.3754434585571289
common_voice_de_19618944,1,11.815677642822266,0.871551513671875,11.900437355041504,0.9980869293212891,58,58,0.12653541564941406
common_voice_de_19619145,2,11.104103088378906,0.9296817779541016,10.700745582580566,0.8310785293579102,48,48,0.0986032485961914
common_voice_de_19619867,27,9.73326587677002,0.02287006378173828,9.873247146606445,0.5643644332885742,3,3,0.5414943695068359
common_voice_de_19619939,0,12.689435005187988,0.4214029312133789,12.82058334350586,0.5786924362182617,36,36,0.1572895050048828
common_voice_de_19620468,0,11.668214797973633,1.1179780960083008,11.351093292236328,0.8479804992675781,7563,7563,0.26999759674072266
common_voice_de_19621737,17,12.33415699005127,0.6019458770751953,12.213685035705566,0.4207324981689453,31047,31047,0.18121337890625
common_voice_de_19623103,0,11.341686248779297,1.2647552490234375,11.539787292480469,1.3562726974487305,231,231,0.09151744842529297
common_voice_de_19623553,0,12.33631420135498,0.5943489074707031,11.922739028930664,0.04436302185058594,6962,742,0.5499858856201172
common_voice_de_19626098,15,12.04439926147461,0.576995849609375,11.507063865661621,0.01319122314453125,13,13,0.5638046264648438
common_voice_de_19628303,0,14.236443519592285,2.3910646438598633,13.928314208984375,2.044398307800293,36,36,0.3466663360595703
common_voice_de_19628419,0,11.409899711608887,0.6988143920898438,11.607659339904785,0.9410390853881836,231,231,0.24222469329833984
common_voice_de_19630306,0,11.588387489318848,0.40296459197998047,11.504294395446777,0.07907772064208984,742,742,0.3238868713378906
common_voice_de_19633234,13,13.568869590759277,2.9094810485839844,13.013067245483398,2.8196258544921875,32400,32400,0.08985519409179688
common_voice_de_19633677,18,8.701132774353027,0.049622535705566406,8.705238342285156,0.24338436126708984,232,5,0.19376182556152344
common_voice_de_19646556,1,10.096388816833496,0.08790969848632812,10.069646835327148,0.0865621566772461,19364,19364,0.0013475418090820312
common_voice_de_19648629,0,11.152146339416504,0.06562137603759766,11.033584594726562,0.044203758239746094,742,742,0.021417617797851562
common_voice_de_19652931,0,12.412468910217285,0.2894096374511719,12.55415153503418,0.4604778289794922,36,36,0.1710681915283203
common_voice_de_19658344,12,10.122049331665039,0.8615102767944336,9.745039939880371,0.17171859741210938,48659,1458,0.6897916793823242
common_voice_de_19658785,5,14.158858299255371,0.11206436157226562,13.887351989746094,0.15543460845947266,4,286,0.04337024688720703
common_voice_de_19664018,8,13.292135238647461,0.8556547164916992,12.767884254455566,0.9542503356933594,1118,1118,0.09859561920166016
common_voice_de_19665517,0,13.408623695373535,0.012094497680664062,13.361176490783691,0.3125638961791992,491,491,0.30046939849853516
common_voice_de_19665564,7,9.46744441986084,0.2168750762939453,9.295391082763672,0.22594165802001953,16825,263,0.009066581726074219
common_voice_de_19673878,0,12.111983299255371,0.09905624389648438,11.878705978393555,0.4706687927246094,36,36,0.371612548828125
common_voice_de_19674166,10,9.589248657226562,0.33089733123779297,9.665322303771973,0.43106651306152344,6424,6424,0.10016918182373047
common_voice_de_19678935,0,11.602409362792969,0.18584156036376953,11.542553901672363,0.24555301666259766,36,36,0.059711456298828125
common_voice_de_19679333,2,12.609696388244629,0.9843597412109375,12.284432411193848,0.5051441192626953,9018,9018,0.4792156219482422
common_voice_de_19682875,0,12.768524169921875,0.12339496612548828,12.975973129272461,0.35922908782958984,231,231,0.23583412170410156
common_voice_de_19686868,11,12.706293106079102,1.5276193618774414,12.660547256469727,1.3956365585327148,15,15,0.13198280334472656
common_voice_de_19689096,13,10.547064781188965,0.22165584564208984,10.514510154724121,0.16895675659179688,137,137,0.05269908905029297
common_voice_de_19691309,8,10.6271390914917,0.23093700408935547,11.133867263793945,0.5994453430175781,82,82,0.36850833892822266
common_voice_de_19691490,14,12.552998542785645,0.40230560302734375,12.3582181930542,0.5137052536010742,8,8,0.11139965057373047
common_voice_de_19692905,0,12.4061918258667,0.03448295593261719,12.550694465637207,0.2191753387451172,496,496,0.1846923828125
common_voice_de_19697224,11,9.663302421569824,1.095475196838379,9.596055030822754,1.1276378631591797,172,172,0.03216266632080078
common_voice_de_19700285,11,8.247448921203613,0.045523643493652344,8.298770904541016,0.21335983276367188,33,322,0.16783618927001953
common_voice_de_19707955,10,12.1893310546875,0.47070884704589844,11.879051208496094,0.4055461883544922,19,19,0.06516265869140625
common_voice_de_19708417,13,7.646389484405518,0.005189418792724609,7.6631035804748535,0.06557941436767578,12916,12916,0.06038999557495117
common_voice_de_19711227,5,13.006905555725098,1.4096879959106445,12.818636894226074,1.0227108001708984,4,4,0.3869771957397461
common_voice_de_19717278,6,11.719639778137207,0.7794971466064453,11.69442081451416,0.5490493774414062,72,72,0.23044776916503906
common_voice_de_19717435,12,11.852740287780762,0.8262968063354492,11.567450523376465,0.7644281387329102,8,8,0.06186866760253906
common_voice_de_19727939,0,12.084471702575684,0.07504463195800781,12.047126770019531,0.01816272735595703,6971,1705,0.05688190460205078
common_voice_de_19729114,0,13.266376495361328,0.33342838287353516,13.667678833007812,0.5930089950561523,21096,21096,0.2595806121826172
common_voice_de_19729335,7,12.091651916503906,0.03912925720214844,11.802555084228516,0.2166757583618164,394,4,0.17754650115966797
common_voice_de_19730267,0,12.946249008178711,0.23898029327392578,12.88518238067627,0.2523164749145508,3320,3320,0.013336181640625
common_voice_de_19731112,14,11.917560577392578,0.031284332275390625,12.10433292388916,0.48073863983154297,14614,43,0.44945430755615234
common_voice_de_19736097,30,10.815077781677246,2.2291746139526367,10.479904174804688,2.682799816131592,3,3,0.4536252021789551
common_voice_de_19737770,0,10.811544418334961,0.13773632049560547,10.874438285827637,0.06158161163330078,2039,2039,0.07615470886230469
common_voice_de_19740991,0,11.465502738952637,0.12225914001464844,11.643972396850586,0.29395484924316406,64,64,0.17169570922851562
common_voice_de_19742430,16,11.639180183410645,0.20153522491455078,11.718100547790527,0.15505218505859375,301,137,0.04648303985595703
common_voice_de_19750630,0,13.696440696716309,0.1135873794555664,13.69856071472168,0.3719749450683594,9733,9733,0.25838756561279297
common_voice_de_19751543,15,11.242061614990234,0.5903835296630859,11.045978546142578,0.11762809753417969,18198,18198,0.47275543212890625
common_voice_de_19752914,7,12.397538185119629,1.2113075256347656,12.494626998901367,1.4498310089111328,4,4,0.2385234832763672
common_voice_de_19755721,0,12.371881484985352,1.5739011764526367,12.574145317077637,1.8818244934082031,231,231,0.3079233169555664
common_voice_de_19755876,7,11.518177032470703,1.0515775680541992,11.590557098388672,1.010396957397461,30441,30441,0.04118061065673828
common_voice_de_19757634,5,12.140815734863281,0.7338180541992188,12.003156661987305,0.44269752502441406,5300,5300,0.2911205291748047
common_voice_de_19757635,18,9.02228832244873,0.5973873138427734,8.93797492980957,0.4770994186401367,7154,7154,0.12028789520263672
common_voice_de_19758849,15,12.846924781799316,1.2521696090698242,12.746726989746094,1.7240619659423828,2,2,0.4718923568725586
common_voice_de_19761624,0,11.82169246673584,0.5821208953857422,11.467174530029297,0.31057167053222656,6784,64,0.2715492248535156
common_voice_de_19762348,6,12.010345458984375,0.2785062789916992,11.978759765625,0.15981006622314453,806,806,0.11869621276855469
common_voice_de_19765156,0,12.654437065124512,0.053481101989746094,12.51981258392334,0.10838031768798828,36,36,0.05489921569824219
common_voice_de_19765160,16,6.446176528930664,0.07260990142822266,6.365335464477539,0.11790800094604492,250,3,0.045298099517822266
common_voice_de_19766154,28,11.501605033874512,0.5448570251464844,11.504598617553711,1.0020694732666016,3,3,0.4572124481201172
common_voice_de_19769334,4,11.806219100952148,1.0490684509277344,11.751938819885254,0.9969387054443359,48,48,0.05212974548339844
common_voice_de_19773171,0,11.980820655822754,0.12006664276123047,11.855348587036133,0.04449176788330078,64,64,0.07557487487792969
common_voice_de_19777149,6,10.854190826416016,0.6432418823242188,10.960931777954102,1.0680246353149414,1230,1230,0.42478275299072266
common_voice_de_19784306,6,11.723133087158203,0.41219615936279297,11.569517135620117,0.5709161758422852,251,251,0.1587200164794922
common_voice_de_19813242,10,11.432361602783203,1.1064586639404297,11.085785865783691,1.134596824645996,6063,6063,0.028138160705566406
common_voice_de_19813908,6,10.228402137756348,1.2684640884399414,9.972679138183594,1.4132604598999023,1604,1604,0.14479637145996094
common_voice_de_19814347,0,10.78983211517334,0.7727298736572266,10.852742195129395,0.9089221954345703,36,36,0.13619232177734375
common_voice_de_19840010,5,12.134575843811035,0.9317636489868164,12.283039093017578,0.7625370025634766,3849,3849,0.16922664642333984
common_voice_de_19845317,0,13.165518760681152,0.1347484588623047,13.029745101928711,0.4607505798339844,231,231,0.3260021209716797
common_voice_de_19855607,12,10.6187744140625,0.7021083831787109,10.909540176391602,1.0439224243164062,1341,1341,0.3418140411376953
common_voice_de_19855609,0,11.107945442199707,0.2210836410522461,11.218270301818848,0.3244447708129883,36,36,0.10336112976074219
common_voice_de_19858604,7,10.810033798217773,0.2479696273803711,10.546003341674805,0.08242988586425781,19,99,0.16553974151611328
common_voice_de_19865491,13,8.788434982299805,0.779780387878418,8.564106941223145,0.4192848205566406,142,142,0.36049556732177734
common_voice_de_19873889,5,8.205904006958008,0.41532373428344727,8.368094444274902,0.5663809776306152,540,540,0.15105724334716797
common_voice_de_19887584,12,9.632156372070312,0.1632213592529297,9.717348098754883,0.29080963134765625,4868,4868,0.12758827209472656
common_voice_de_19941265,3,5.834204196929932,0.31401586532592773,6.001418113708496,0.42223215103149414,19,19,0.1082162857055664
common_voice_de_19942598,3,12.32050609588623,0.5776729583740234,12.5270357131958,0.7833442687988281,58,58,0.2056713104248047
common_voice_de_19947493,0,10.107096672058105,0.09552669525146484,10.236307144165039,0.4295463562011719,36,36,0.33401966094970703
common_voice_de_19947763,9,11.466575622558594,0.8624200820922852,11.433618545532227,0.7893972396850586,58,58,0.07302284240722656
common_voice_de_19948040,19,13.036287307739258,0.7987089157104492,12.276369094848633,0.3577766418457031,18579,18579,0.4409322738647461
common_voice_de_19948802,0,12.373124122619629,1.033095359802246,12.545507431030273,1.1093950271606445,746,746,0.07629966735839844
common_voice_de_19949230,0,11.339499473571777,1.6307268142700195,11.397926330566406,1.5735607147216797,36,36,0.057166099548339844
common_voice_de_19949817,0,13.3014554977417,0.2841606140136719,13.324169158935547,0.04410076141357422,140,140,0.24005985260009766
common_voice_de_19951659,11,11.118778228759766,2.908082962036133,10.40306282043457,1.9291276931762695,4903,4903,0.9789552688598633
common_voice_de_19951957,4,13.439108848571777,0.2502727508544922,12.95936393737793,0.1833515167236328,7271,7271,0.06692123413085938
common_voice_de_19952855,10,11.466096878051758,0.22017478942871094,10.976164817810059,0.1411457061767578,13,13,0.07902908325195312
common_voice_de_19956308,6,7.143678188323975,0.37403059005737305,6.752033710479736,0.7359786033630371,14,2350,0.36194801330566406
common_voice_de_19956546,1,13.659502029418945,0.9924335479736328,13.242578506469727,0.29393768310546875,22,22,0.6984958648681641
common_voice_de_19956976,6,13.177810668945312,0.35782527923583984,12.997304916381836,0.7439460754394531,14,14,0.3861207962036133
common_voice_de_19963027,10,13.280342102050781,0.7091751098632812,12.561768531799316,0.38463687896728516,2995,2995,0.3245382308959961
common_voice_de_19963712,6,11.82229995727539,0.05020904541015625,11.805614471435547,0.4080390930175781,5788,4,0.3578300476074219
common_voice_de_19965181,1,8.060226440429688,0.28391361236572266,7.9693498611450195,0.788663387298584,44601,58,0.5047497749328613
common_voice_de_19966369,9,12.62357234954834,1.2137022018432617,12.037092208862305,0.2910747528076172,47,47,0.9226274490356445
common_voice_de_19971689,16,10.062658309936523,1.3785009384155273,9.998394966125488,1.6119937896728516,3,3,0.23349285125732422
common_voice_de_19983783,11,12.219847679138184,0.104278564453125,12.473333358764648,0.07739925384521484,1757,8840,0.026879310607910156
common_voice_de_19987973,23,12.61655330657959,1.7814445495605469,12.213648796081543,1.408493995666504,7791,7791,0.37295055389404297
common_voice_de_19989506,0,12.852825164794922,0.1658000946044922,12.62647819519043,0.3523979187011719,36,36,0.1865978240966797
common_voice_de_19989775,0,13.406877517700195,0.38001537322998047,13.633435249328613,0.32486820220947266,231,231,0.05514717102050781
common_voice_de_19990569,1,10.016820907592773,0.3149070739746094,10.376384735107422,0.6975307464599609,19,19,0.38262367248535156
common_voice_de_19990675,5,10.451153755187988,0.6045761108398438,10.311075210571289,0.9159727096557617,172,172,0.31139659881591797
common_voice_de_19993210,4,8.496665954589844,0.026633262634277344,8.360357284545898,0.5147814750671387,15252,2,0.48814821243286133
common_voice_de_19994025,0,11.712602615356445,0.8869028091430664,11.676591873168945,0.8700475692749023,36,36,0.016855239868164062
common_voice_de_19998047,5,13.077507019042969,0.45659637451171875,12.86701774597168,0.4827899932861328,5,5,0.026193618774414062
common_voice_de_19999599,1,8.843832015991211,0.6850814819335938,8.87204647064209,0.4067821502685547,154,154,0.27829933166503906
common_voice_de_19999909,10,12.264690399169922,1.9418859481811523,12.353076934814453,1.2220001220703125,71,71,0.7198858261108398
common_voice_de_20000572,0,11.261481285095215,0.9588603973388672,11.036480903625488,0.8210687637329102,64,64,0.13779163360595703
common_voice_de_20000920,23,13.906768798828125,0.2710390090942383,14.096297264099121,0.5304555892944336,9180,9180,0.2594165802001953
common_voice_de_20002126,11,9.706843376159668,0.9303627014160156,9.785375595092773,1.0102167129516602,152,152,0.07985401153564453
common_voice_de_20011654,4,13.22087574005127,0.48365020751953125,12.757081031799316,0.39948081970214844,92,92,0.08416938781738281
common_voice_de_20011720,13,13.169318199157715,0.8887147903442383,13.201288223266602,0.9690017700195312,56,56,0.08028697967529297
common_voice_de_20012763,10,8.50079345703125,0.7159185409545898,8.363266944885254,0.41127586364746094,52,52,0.3046426773071289
common_voice_de_20013869,7,6.444276332855225,0.08410310745239258,5.97532844543457,0.02203512191772461,7,7,0.06206798553466797
common_voice_de_20013896,4,10.90972900390625,1.2060174942016602,10.573356628417969,0.9349336624145508,813,813,0.2710838317871094
common_voice_de_20014841,0,12.469695091247559,0.8212947845458984,12.424520492553711,0.6194705963134766,36,36,0.20182418823242188
common_voice_de_20016662,0,11.705867767333984,0.8519659042358398,11.598368644714355,0.44151782989501953,36,36,0.4104480743408203
